file_name,height,width,category_id,category_name,category_chinese_name
1763_JPG.rf.3cb6f88c9a140feeb0425d1a5fa3ddcc.jpg,3024,4032,4,tDD11,枝枯病
3147_JPG.rf.383764b09b12f792657e2545bf980be0.jpg,3024,4032,8,tDM04,茶髮狀病
2762_JPG.rf.f2c26195dad62681dfd71844900eb186.jpg,3024,4032,3,tDC08,藻斑病
3287_JPG.rf.ecbe7237f262a0ab52cb8258cdd732b6.jpg,3024,4032,8,tDM04,茶髮狀病
1841_JPG.rf.b07e2494953b4a54c1874afde2c7bcb7.jpg,1365,2048,10,tDP06,輪班病
24361_JPG.rf.8671a69863ee08499e554b6a4f97ec5b.jpg,3468,4624,5,tDE02,網餅病
33594_JPG.rf.dea315232f859289fd84de41aa9142a4.jpg,3024,4032,10,tDP06,輪班病
3787_JPG.rf.98ccc7a50ecf4dc9dcb1d0fe06fad3b9.jpg,3480,4640,3,tDC08,藻斑病
3439_JPG.rf.3e5a4a368e84afe5e40daef1c9635c78.jpg,3024,4032,6,tDE03,茶餅病
2401_JPG.rf.bdf08228bdb3600b2ced8bb1a5796c5e.jpg,3120,3120,3,tDC08,藻斑病
2691_JPG.rf.5b91e9e6096e6025b764736348c9bc42.jpg,3120,3120,11,tDS07,煤煙病
1929_JPG.rf.e7c6a296a7dc1ea95458c46428273287.jpg,1365,2048,3,tDC08,藻斑病
3566_JPG.rf.cafe4e4eae19da33c2e518fb0246ae55.jpg,4032,3024,6,tDE03,茶餅病
2020_JPG.rf.0393633369dce3619e3d31132706b960.jpg,3120,3120,7,tDL09,地衣
2614_JPG.rf.a72bc466b2c270413cde94f95d87d751.jpg,4032,3024,11,tDS07,煤煙病
2916_JPG.rf.6206f6ff577a2b1e78c96a84582c583a.jpg,3024,4032,3,tDC08,藻斑病
5323_JPG.rf.4e0c42640cc69bdc7a7918130c59ac43.jpg,3120,3120,8,tDM04,茶髮狀病
5370_JPG.rf.56d335f3a523ca6b70397c3e64d602d4.jpg,4032,3024,8,tDM04,茶髮狀病
3499_JPG.rf.594148c7d3c023eaa0675b715022ae40.jpg,4032,3024,6,tDE03,茶餅病
24950_JPG.rf.a3ad4df050b06fd0bac4266b5212e2e0.jpg,3024,4032,7,tDL09,地衣
25010_JPG.rf.3dd0cf080fee0353397241b3addb8c61.jpg,3024,3024,7,tDL09,地衣
3947_JPG.rf.7153d38a5b58073e4a7d6a4872c6e2da.jpg,3480,4640,3,tDC08,藻斑病
1853_JPG.rf.b773afde8d18defcb060e39a1284f01e.jpg,1478,1108,10,tDP06,輪班病
3206_JPG.rf.16c90f9bd79ec04c6c7c9ee21056626e.jpg,3024,4032,8,tDM04,茶髮狀病
3579_JPG.rf.15988c65c2057b740c3b1b7dba7e7eb3.jpg,3024,4032,6,tDE03,茶餅病
24425_JPG.rf.bc9924e3158abeaf44c3897d3d74744b.jpg,3468,4624,5,tDE02,網餅病
24622_JPG.rf.af53e5f07a82e7f2821e1687dcd49997.jpg,3024,4032,7,tDL09,地衣
25012_JPG.rf.9d2d45fe37b43998bef95c9cdbc741a4.jpg,3024,3024,7,tDL09,地衣
7609_JPG.rf.37bfb66bc53a693e4c20c7fd3cb4d602.jpg,3024,4032,6,tDE03,茶餅病
25004_JPG.rf.f8173e9e72e9ebe4ebada13966a4f8b3.jpg,3024,3024,7,tDL09,地衣
22361_JPG.rf.32ee75fc306b4e584b928ce0c7d8531c.jpg,3024,4032,10,tDP06,輪班病
5174_JPG.rf.c85910aeb0bf189c8c3a960b63260e54.jpg,3120,3120,8,tDM04,茶髮狀病
22434_JPG.rf.405cbcb94adb1e0bdfec79f75c6cd093.jpg,3024,4032,10,tDP06,輪班病
33664_JPG.rf.53de4602a5050334ac2514611dbcdd72.jpg,3024,4032,11,tDS07,煤煙病
22453_JPG.rf.6ebdc65f779ab9fc307a527160942e61.jpg,3024,4032,10,tDP06,輪班病
2588_JPG.rf.4534f49f16f28ffc6b823dd9b78793a8.jpg,3024,4032,3,tDC08,藻斑病
5361_JPG.rf.454693744301db184129973b2654003a.jpg,3024,4032,8,tDM04,茶髮狀病
7372_JPG.rf.d30a08dd18ae37d8694c0d8e4f22672a.jpg,3120,3120,6,tDE03,茶餅病
2772_JPG.rf.7049c09cc16456e53e5a8f138006325d.jpg,3024,4032,11,tDS07,煤煙病
3218_JPG.rf.f2bb6c00f99badb721726fafcd2d7613.jpg,3024,4032,8,tDM04,茶髮狀病
7621_JPG.rf.165de4aca48696bb88e553f410d67624.jpg,4032,3024,6,tDE03,茶餅病
2029_JPG.rf.3351b89fc34a00e31fbce635b886986b.jpg,3120,3120,7,tDL09,地衣
7601_JPG.rf.3f7c79a7d17320f3f6cd4e3d6daab3d7.jpg,4032,3024,6,tDE03,茶餅病
24362_JPG.rf.13a0552f5ed82095f7bcccd8fd80cdf8.jpg,3468,4624,5,tDE02,網餅病
6689_JPG.rf.95529850277c95f7604293d620d968bd.jpg,3468,4624,6,tDE03,茶餅病
33621_JPG.rf.92489c923ebc7ec9d65be7d3264bedfc.jpg,3024,4032,11,tDS07,煤煙病
223_JPG.rf.98b5168dafeb7e93e0c10c75acef919f.jpg,3480,4640,10,tDP06,輪班病
5139_JPG.rf.dc86fec0d681cca444c5e82521a6bab3.jpg,3024,4032,8,tDM04,茶髮狀病
5343_JPG.rf.9a8d97c08b5ccb3450a7e9aed08c0f1a.jpg,4032,3024,8,tDM04,茶髮狀病
6753_JPG.rf.1562333335f860f604e5087b5afcd9e4.jpg,3024,4032,6,tDE03,茶餅病
3468_JPG.rf.fd50f2ca3597e19beb1f9440d66d3788.jpg,4032,3024,6,tDE03,茶餅病
7289_JPG.rf.290a08dc2f06bdaea3f6bc131fe1541d.jpg,3120,3120,6,tDE03,茶餅病
2948_JPG.rf.b2e57721ad822876d48edb664328894b.jpg,3024,4032,8,tDM04,茶髮狀病
7579_JPG.rf.89579e6fd8530d71540b9c82b3bb4bb2.jpg,3024,4032,6,tDE03,茶餅病
22457_JPG.rf.c75df77648ba532f967dbc92ba2ae255.jpg,3024,3024,10,tDP06,輪班病
7736_JPG.rf.24ec624ba09885d031898ddeb3e54f8c.jpg,4032,3024,6,tDE03,茶餅病
7553_JPG.rf.0503c96dabb42f3c3094ad7e8ae69c23.jpg,4032,3024,6,tDE03,茶餅病
24979_JPG.rf.b3b749532d6c16999ac658515c66a4ec.jpg,3024,4032,7,tDL09,地衣
1830_JPG.rf.e251f5c01d2f31e97e29ce78a6de19e7.jpg,3024,4032,10,tDP06,輪班病
25019_JPG.rf.8efc067c54c47a602d1d7ce71e0d1cf6.jpg,3024,3024,7,tDL09,地衣
24085_JPG.rf.cd7fbe79e636f7d9e5e4ba5d644a5aee.jpg,3468,4624,5,tDE02,網餅病
1812_JPG.rf.2fb335d26bd5ceeb0daa0f271dfbe739.jpg,3024,4032,10,tDP06,輪班病
5236_JPG.rf.0381a9ecf79abf725f6b01ed680913b9.jpg,3120,3120,8,tDM04,茶髮狀病
3197_JPG.rf.339713272ebe26e1551463096328f220.jpg,3024,4032,8,tDM04,茶髮狀病
1771_JPG.rf.3dc539e35ce9f50aee105f40c6c05133.jpg,3024,4032,4,tDD11,枝枯病
1945_JPG.rf.564df477c92bf49b2ea17cc8462ec494.jpg,1478,1108,3,tDC08,藻斑病
55_JPG.rf.aec60043c190cabbac0cbbda09917c89.jpg,1534,1424,2,tDC01,赤葉枯病
22454_JPG.rf.a11978a26e171f3c2b8cbf0ae087cc07.jpg,3024,4032,10,tDP06,輪班病
6680_JPG.rf.f3bac6a72b87fcc1944248248b0187f1.jpg,3468,4624,6,tDE03,茶餅病
2771_JPG.rf.ce5188611b351c20f686d2b5db784650.jpg,3024,4032,3,tDC08,藻斑病
1989_JPG.rf.caaca7f2b8c48e2e7b76b010c1b17b4e.jpg,3480,4640,2,tDC01,赤葉枯病
3274_JPG.rf.c5fd0d68f221efe62b0e05baf36af815.jpg,3024,4032,8,tDM04,茶髮狀病
7341_JPG.rf.291e9b599162d70460bed956dd90799b.jpg,3120,3120,6,tDE03,茶餅病
2973_JPG.rf.86fddc732c39e7851fb97f3bd23a27b7.jpg,3024,4032,8,tDM04,茶髮狀病
7175_JPG.rf.4c84126bf0bf39e646d5b2c2d57bb090.jpg,4032,3024,6,tDE03,茶餅病
1801_JPG.rf.59166ae72e1e41bd2cb3929911a3930d.jpg,2048,1365,2,tDC01,赤葉枯病
5328_JPG.rf.d25a2e7deae1d1979b62c2c93c903f16.jpg,3120,3120,8,tDM04,茶髮狀病
3633_JPG.rf.3cf6e929f6160783f676212395aafedb.jpg,3024,4032,6,tDE03,茶餅病
3354_JPG.rf.4187e00f37aef73a1e0c12d6cafc68c0.jpg,3120,3120,10,tDP06,輪班病
6741_JPG.rf.2a4fdb0472d731ee2163b1f389b0e0d0.jpg,4032,3024,6,tDE03,茶餅病
2952_JPG.rf.4b0b4172b30f7e57f06919bbfc8c269e.jpg,3024,4032,8,tDM04,茶髮狀病
1404_JPG.rf.8b070b138e4ab337e59a0934838c899a.jpg,4032,3024,3,tDC08,藻斑病
1985_JPG.rf.4baac6d22cbe7c74997fd4da23b53822.jpg,3024,4032,9,tDM10,苔癬
7318_JPG.rf.adbd93a7d60882c4e75d6136401378bb.jpg,3120,3120,6,tDE03,茶餅病
56_JPG.rf.52d4e6f1f8f2ba512335cce1e0a6f75c.jpg,2268,4032,2,tDC01,赤葉枯病
5232_JPG.rf.7df0dc7bc85b77e5ac2282cbd94268bb.jpg,3120,3120,8,tDM04,茶髮狀病
2805_JPG.rf.f5c6f13ed10fac5e1dd1ef52030fdeb4.jpg,3024,4032,3,tDC08,藻斑病
3517_JPG.rf.6e325f49a0fb13141b9b02f7411fccc7.jpg,3024,4032,6,tDE03,茶餅病
2481_JPG.rf.0551e3cc586b353d0a89842f704c51cd.jpg,3024,4032,11,tDS07,煤煙病
1443_JPG.rf.e9017a9403cd164538d104eef82644bc.jpg,4032,3024,10,tDP06,輪班病
3444_JPG.rf.6fbd8f7557376a9d44a6c5e8307f726d.jpg,4032,3024,6,tDE03,茶餅病
2315_JPG.rf.5f2a2ecc01f4f2b1da5810461949ded1.jpg,3120,3120,10,tDP06,輪班病
2027_JPG.rf.f1c540461d64579060f90b0e8247f1b5.jpg,3480,4640,2,tDC01,赤葉枯病
22486_JPG.rf.e03739a520a935664a8da8afb8ede48d.jpg,3468,4624,7,tDL09,地衣
2717_JPG.rf.9f98b3c2292f6987da90b37b96defb45.jpg,3024,4032,10,tDP06,輪班病
24042_JPG.rf.9d7038ea1a89a97ab769af71c894418d.jpg,3468,4624,6,tDE03,茶餅病
5380_JPG.rf.0a3cb0749397658c175e7fed94036651.jpg,4032,3024,8,tDM04,茶髮狀病
24070_JPG.rf.93dfecfe5311441a8a420a13dc643591.jpg,3468,4624,5,tDE02,網餅病
2632_JPG.rf.3bed2b3a36bc2ced5575774960a349b6.jpg,3024,4032,11,tDS07,煤煙病
3316_JPG.rf.e5b85b3cad9a9844640ba97f4460d136.jpg,3024,4032,8,tDM04,茶髮狀病
2945_JPG.rf.71b75f8d95a9a0ab99474d5539c8322d.jpg,3024,4032,3,tDC08,藻斑病
3650_JPG.rf.5daec922570c81c00267d648cb781708.jpg,4032,3024,6,tDE03,茶餅病
5235_JPG.rf.9b299e10fc8ad0f2ce6005df0db81760.jpg,3120,3120,8,tDM04,茶髮狀病
7304_JPG.rf.efee05f614234fa05e8c7268ff9e8f78.jpg,3120,3120,6,tDE03,茶餅病
24310_JPG.rf.d51b14e034fb26cd0d09ef62a7693b28.jpg,3468,4624,5,tDE02,網餅病
3530_JPG.rf.323b93932cb8050c02adff09f08aa85c.jpg,3024,4032,6,tDE03,茶餅病
2406_JPG.rf.578c15129dbeaefc5ae532d8f084f532.jpg,3120,3120,3,tDC08,藻斑病
5281_JPG.rf.7f9a346a2e5e7cccb674b5b0a88ed5cd.jpg,3120,3120,8,tDM04,茶髮狀病
2301_JPG.rf.33ccaa0d0921abdb87a8935f0f91a5c3.jpg,3120,3120,10,tDP06,輪班病
6662_JPG.rf.7620b8d250eee1fee1f0d8a5a5dc3552.jpg,4624,3468,6,tDE03,茶餅病
5403_JPG.rf.d0530e673b94d84e8a28b8b54cd802cc.jpg,2268,4032,2,tDC01,赤葉枯病
2920_JPG.rf.66eda49fc5ae0ab7a4aa4193f020ab42.jpg,3024,4032,3,tDC08,藻斑病
33729_JPG.rf.5ecc2071a24713c22b5dfa2b556e3451.jpg,3024,4032,7,tDL09,地衣
5345_JPG.rf.97e992c33417e2e325046b02d3d5d77f.jpg,3024,4032,8,tDM04,茶髮狀病
33161_JPG.rf.8b2eebc1672051eb9c07a5c9f2a76099.jpg,3024,4032,4,tDD11,枝枯病
22353_JPG.rf.7a599437d862f029c11111b5c25febae.jpg,3468,4624,10,tDP06,輪班病
2767_JPG.rf.9a5434feb7cf5bd88ce0a77e42f1e521.jpg,3024,4032,11,tDS07,煤煙病
24363_JPG.rf.d9e271a8fda35c95302dab282a6ebadd.jpg,3468,4624,5,tDE02,網餅病
5384_JPG.rf.5f2eca08b10bd712c6bf021ab4e30771.jpg,3024,4032,8,tDM04,茶髮狀病
3295_JPG.rf.95b7d4276441cde6ac4ed69de9a364a4.jpg,3024,4032,8,tDM04,茶髮狀病
33141_JPG.rf.3fcf64d2ad50e304c4b4622df8fb917b.jpg,3024,4032,4,tDD11,枝枯病
3252_JPG.rf.1f274cd4e397930b1c3d1209a2909831.jpg,3024,4032,8,tDM04,茶髮狀病
6752_JPG.rf.c07fdc8e798f0c77222c3d360b1b043c.jpg,4032,3024,6,tDE03,茶餅病
24326_JPG.rf.2f28fed53357baee127e7c0c52475c05.jpg,3468,4624,5,tDE02,網餅病
5194_JPG.rf.fead44d7aac4fe93e636dbd0a0e57b2f.jpg,3120,3120,8,tDM04,茶髮狀病
1931_JPG.rf.0a99a3b54929fb362cf94a312cea8c10.jpg,2048,1365,3,tDC08,藻斑病
7308_JPG.rf.cfe108b2c6011db79d2ef32f6c68a04e.jpg,3120,3120,6,tDE03,茶餅病
2542_JPG.rf.396826565599bf62a50e400d07544456.jpg,4032,3024,11,tDS07,煤煙病
7250_JPG.rf.93542083e588fb2b92092968e92af651.jpg,3120,3120,6,tDE03,茶餅病
2579_JPG.rf.7205eb5ff7711cd9bd5a2410fbe21592.jpg,3024,4032,11,tDS07,煤煙病
1999_JPG.rf.02be87a61228561181e50f53cc0ac2dc.jpg,3120,3120,7,tDL09,地衣
5379_JPG.rf.5b83b0332c5d3b6e770dfc9cfca8b429.jpg,4032,3024,8,tDM04,茶髮狀病
6688_JPG.rf.03fa88f37f89405b2705ea6c907b3a72.jpg,3468,4624,6,tDE03,茶餅病
5410_JPG.rf.31fccd412337f4af426cc18bade88327.jpg,2268,4032,10,tDP06,輪班病
24308_JPG.rf.d77aee782272544e155c57d706a33521.jpg,3468,4624,5,tDE02,網餅病
2639_JPG.rf.5178289912edb29aef18bc1a8be5db2e.jpg,3024,4032,11,tDS07,煤煙病
5363_JPG.rf.e0368d2997affe26527c6ad78aa28f44.jpg,3024,4032,8,tDM04,茶髮狀病
2011_JPG.rf.7f55cb293be2ac46128abf9444a60fd9.jpg,3120,3120,7,tDL09,地衣
6363_JPG.rf.934962d3bb0b35f9ff70d7544075d5a1.jpg,2268,4032,2,tDC01,赤葉枯病
5224_JPG.rf.d3a53e7eb24cbf12877e1862d71bb2f4.jpg,3120,3120,8,tDM04,茶髮狀病
3390_JPG.rf.413d222c3a434cdeb9a065c8e7d7eabd.jpg,3024,4032,9,tDM10,苔癬
24977_JPG.rf.0ebf33e200ef1c627da4b7e70c487081.jpg,3024,4032,7,tDL09,地衣
24421_JPG.rf.5cf823b0fcdfb817cbdc7da1462ca8d6.jpg,3468,4624,5,tDE02,網餅病
24644_JPG.rf.c7bc32b2b23476a1b83c5428cd18f1c5.jpg,3024,4032,7,tDL09,地衣
22365_JPG.rf.abfb345a06f697b2db69cf6b3a1efc57.jpg,3468,4624,3,tDC08,藻斑病
22482_JPG.rf.c3ce554291c7e03bed628f5434955621.jpg,3468,4624,7,tDL09,地衣
6296_JPG.rf.2f6f8143e8d4cb895a5dbb33a04ed526.jpg,1705,960,2,tDC01,赤葉枯病
2940_JPG.rf.256df5399507b05d2d5d115aa550abb6.jpg,3024,4032,3,tDC08,藻斑病
2794_JPG.rf.4e1fd80020a599ee0f98e09bf86c5cad.jpg,3024,4032,3,tDC08,藻斑病
5415_JPG.rf.ff7407aefcea232bcdcd1137d9508a65.jpg,2268,4032,10,tDP06,輪班病
7313_JPG.rf.76012b2667cd0d3d56c2160ff1c155df.jpg,3120,3120,6,tDE03,茶餅病
7184_JPG.rf.8499a9753073edf89f60229573197f30.jpg,3120,3120,6,tDE03,茶餅病
1437_JPG.rf.6ebd0ac0118e9aba59274fe03c1bd4ae.jpg,3024,4032,10,tDP06,輪班病
24333_JPG.rf.e77384423c45f07a690df8e700503699.jpg,3468,4624,5,tDE02,網餅病
142_JPG.rf.7f18c17434489968d107aed718f437f5.jpg,2268,4032,2,tDC01,赤葉枯病
3185_JPG.rf.2bbd9564fb08067e0a7fa4c724fe1ff3.jpg,3024,4032,8,tDM04,茶髮狀病
5229_JPG.rf.7a1e874706f31c7df6547bbeb34ed837.jpg,3120,3120,8,tDM04,茶髮狀病
1781_JPG.rf.eb4881942007d2612c56dab196b31754.jpg,1478,1108,2,tDC01,赤葉枯病
3268_JPG.rf.f91b1f7beb1a09e7b9bd56c6a182d03b.jpg,3024,4032,8,tDM04,茶髮狀病
3248_JPG.rf.b65142d8746d670484af95699f4f2591.jpg,3024,4032,8,tDM04,茶髮狀病
1365_JPG.rf.469e1c351ef64f148673e4b1818cca76.jpg,3024,4032,3,tDC08,藻斑病
7279_JPG.rf.e55441ae564930437ccf253a3d349034.jpg,3120,3120,6,tDE03,茶餅病
3210_JPG.rf.67119c668b764b205d44598968e94e01.jpg,3024,4032,8,tDM04,茶髮狀病
3175_JPG.rf.ab09ae4ed38c21c5bb243b96c4e04896.jpg,3024,4032,8,tDM04,茶髮狀病
5347_JPG.rf.0a77afa70cac673a5d8feb444d706660.jpg,3024,4032,8,tDM04,茶髮狀病
3795_JPG.rf.5b93a7df380577c6b2a3dbe8fe3bde23.jpg,3480,4640,3,tDC08,藻斑病
24101_JPG.rf.6380c6a805f0d476aa1fd2307ae09b93.jpg,3468,4624,5,tDE02,網餅病
5368_JPG.rf.09bb300b9fb43375309d43276d094932.jpg,4032,3024,8,tDM04,茶髮狀病
6747_JPG.rf.dfb9d030227c5a4dd76125df808db9e1.jpg,4032,3024,6,tDE03,茶餅病
2934_JPG.rf.fa8f7b2804ec29509d252455d463b892.jpg,4032,3024,3,tDC08,藻斑病
3539_JPG.rf.e7a9492a2add5786850fd62c91e7039d.jpg,3024,4032,6,tDE03,茶餅病
22441_JPG.rf.bec22997c08b48c389b0c9c7a1121f3a.jpg,3024,4032,2,tDC01,赤葉枯病
7585_JPG.rf.99416fb9afcd077fca81d064eaf97704.jpg,4032,3024,6,tDE03,茶餅病
7278_JPG.rf.07b23ce3b63a1ef09601c49e6763c4a1.jpg,3120,3120,6,tDE03,茶餅病
24054_JPG.rf.546c2769bd24876892b710c5cecc7f81.jpg,3468,4624,5,tDE02,網餅病
1927_JPG.rf.fcd5820ba73a61e2b8e4be4e693459e4.jpg,1365,2048,3,tDC08,藻斑病
3479_JPG.rf.6e95332d695666667227f2916bac74fb.jpg,4032,3024,6,tDE03,茶餅病
2342_JPG.rf.14546a31bd5468a3132502c839e1c947.jpg,3120,3120,10,tDP06,輪班病
7842_JPG.rf.23a4355d385755fdce443804c472660d.jpg,3024,4032,6,tDE03,茶餅病
39_JPG.rf.2b2c2ee51436991c2ad0c37745292072.jpg,2268,4032,2,tDC01,赤葉枯病
24440_JPG.rf.e8edc4d650f81d7d7b79d3a986dc1fa2.jpg,3468,4624,5,tDE02,網餅病
3621_JPG.rf.68c9186f162a3305c1175b16d0b44cd2.jpg,4032,3024,6,tDE03,茶餅病
2776_JPG.rf.5974836948a78059eb3252dee61ff6de.jpg,3024,4032,11,tDS07,煤煙病
2128_JPG.rf.4e2dec3192384349d76dfcfc5a9ff223.jpg,3480,4640,4,tDD11,枝枯病
3035_JPG.rf.4dd6f6f6571e5821a9514ee87d246f2f.jpg,3024,4032,8,tDM04,茶髮狀病
5269_JPG.rf.9bec029520383c285601a01de5a9c300.jpg,3120,3120,8,tDM04,茶髮狀病
5114_JPG.rf.6078998ce5b181cdfd24641a4618ffd5.jpg,3024,4032,8,tDM04,茶髮狀病
2607_JPG.rf.36cccf46f539ee1736362260b62c23b5.jpg,3024,4032,11,tDS07,煤煙病
4583_JPG.rf.bc9a5a7bbc762fab504af6997fb500f0.jpg,2268,4032,2,tDC01,赤葉枯病
3652_JPG.rf.5e93c186a380c8136fb31f16ccac4675.jpg,4032,3024,6,tDE03,茶餅病
24973_JPG.rf.ca52d49b09aab8009c44cea7204d398f.jpg,3024,4032,7,tDL09,地衣
2939_JPG.rf.2fb12eb8f88993ac685b18d53c0dab0e.jpg,3024,4032,3,tDC08,藻斑病
22465_JPG.rf.fbff8ee46df55213dece549b831d4211.jpg,3468,4624,7,tDL09,地衣
24353_JPG.rf.9588fb17319de2dfa8e540b1a4c994e0.jpg,3468,4624,5,tDE02,網餅病
22401_JPG.rf.774b9e4a770c6bbb5349ecd9d1fe354a.jpg,3468,4624,10,tDP06,輪班病
2407_JPG.rf.8948fdcc8cf0a17002dda4886f8e3b17.jpg,3120,3120,3,tDC08,藻斑病
2034_JPG.rf.e54e90b560bfbc175a623002975388c5.jpg,3120,3120,7,tDL09,地衣
7546_JPG.rf.868dc9b175e5d8c62bc044f12819dd3f.jpg,3024,4032,6,tDE03,茶餅病
2697_JPG.rf.d1ab83133b07a72cc1a79d05e97f0dce.jpg,3120,3120,11,tDS07,煤煙病
2956_JPG.rf.b567734baa7d0338e1b7502eeb830cfe.jpg,3024,4032,8,tDM04,茶髮狀病
7334_JPG.rf.ef54ecfa7d724a5cdf3ea8544c7e318c.jpg,3120,3120,6,tDE03,茶餅病
1845_JPG.rf.b0dff3398f78508a31543119cea0268d.jpg,1478,1108,10,tDP06,輪班病
22340_JPG.rf.952c6a20561e650424bcf4cb2b8b352e.jpg,3468,4624,7,tDL09,地衣
22402_JPG.rf.3aed3e11e61e4e6ade04c2efc0ba704d.jpg,3468,4624,10,tDP06,輪班病
33662_JPG.rf.d543711cc1b3246f7f1c3fa9d802e852.jpg,3024,4032,10,tDP06,輪班病
2400_JPG.rf.d2dcea65aa201a91dfd7cec8d893d9ec.jpg,3120,3120,3,tDC08,藻斑病
22430_JPG.rf.56f67b878a4e37e46936fdc2d894bdb6.jpg,3024,4032,10,tDP06,輪班病
22357_JPG.rf.bf5b424581c798897e7c3838c10bfb4f.jpg,3024,4032,10,tDP06,輪班病
5444_JPG.rf.6147b5cff5ed4defa21077ddf5dd7f2b.jpg,1705,960,2,tDC01,赤葉枯病
24346_JPG.rf.1554c2c9594fd8d562632c18929bd521.jpg,3468,4624,5,tDE02,網餅病
2415_JPG.rf.7c74ac6460fdf3c4b31ab27127e24493.jpg,3120,3120,3,tDC08,藻斑病
24424_JPG.rf.dd1cb0f053398b6227942df8998dafaa.jpg,3468,4624,5,tDE02,網餅病
1885_JPG.rf.0ec7c7667b866a8bb3ef59e7bb391959.jpg,3024,4032,3,tDC08,藻斑病
3348_JPG.rf.151977ae6629a2a87eff3e6af89233d9.jpg,3120,3120,2,tDC01,赤葉枯病
5118_JPG.rf.bec429bfcebf60f9403463dcbbbfed51.jpg,3024,4032,8,tDM04,茶髮狀病
2765_JPG.rf.4fc7dfc85c8c570f51c4249fabb7e697.jpg,3024,4032,3,tDC08,藻斑病
33743_JPG.rf.b8a2725879ca18adeec78c85a40d0b17.jpg,3024,4032,9,tDM10,苔癬
4633_JPG.rf.de2c0d83fda6c68d8a7dabd900bad62c.jpg,2268,4032,2,tDC01,赤葉枯病
2732_JPG.rf.a49aab9b3d9df20a8d10c72034e627f5.jpg,3024,4032,3,tDC08,藻斑病
6714_JPG.rf.62b8f3a4cf76eddd94219a08a161bf5b.jpg,3468,4624,6,tDE03,茶餅病
7581_JPG.rf.5dc5761f4c137279da5c039799ecba51.jpg,3024,4032,6,tDE03,茶餅病
22429_JPG.rf.3d802c142b25983037f14cd290a760b8.jpg,3024,4032,10,tDP06,輪班病
24430_JPG.rf.20f4f7378e802369ff23373b9a6ec795.jpg,3468,4624,5,tDE02,網餅病
2801_JPG.rf.1ce46fb62eb0617cc8276eea2b152695.jpg,3024,4032,3,tDC08,藻斑病
24637_JPG.rf.0679fa1e708b20aa94f05540ad0afb60.jpg,3024,4032,7,tDL09,地衣
1877_JPG.rf.38193592a02f018e8d1c2a462c832380.jpg,3024,4032,3,tDC08,藻斑病
6674_JPG.rf.09137f04a804c02d4fa442b7e72e0f52.jpg,4624,3468,6,tDE03,茶餅病
24957_JPG.rf.1aec5d4c430e17288b9a137141d1387b.jpg,3024,4032,7,tDL09,地衣
24043_JPG.rf.7a0244351ec86d5275122dbffe4e7a59.jpg,3468,4624,5,tDE02,網餅病
33169_JPG.rf.0f9bddd581608a7a8495be0387d535d4.jpg,3024,4032,4,tDD11,枝枯病
138_JPG.rf.14d8fe91c44b24897283a640f1c8f0ab.jpg,2268,4032,2,tDC01,赤葉枯病
7281_JPG.rf.236d3e68c04e3aaaa31ec72d967d7bad.jpg,3120,3120,6,tDE03,茶餅病
7149_JPG.rf.96367785e5942af71f16b42b0df77450.jpg,3024,4032,6,tDE03,茶餅病
1997_JPG.rf.47fac157adcf7d790678e4cfaff0130a.jpg,3120,3120,7,tDL09,地衣
5276_JPG.rf.b48a6ceb71a005b3e6bab4de9f6166e3.jpg,3120,3120,8,tDM04,茶髮狀病
7573_JPG.rf.27d76e1983ffe96ba1cbe0830c9584ff.jpg,3024,4032,6,tDE03,茶餅病
22458_JPG.rf.5d54fb7b8fe3ee69e736dae0c532168a.jpg,3024,3024,10,tDP06,輪班病
3148_JPG.rf.f2c742dce6ddb5f5d28c56f18a88e60d.jpg,3024,4032,8,tDM04,茶髮狀病
2262_JPG.rf.38bf9c2ebba43a62e359c6a4a9639f73.jpg,3120,3120,3,tDC08,藻斑病
3404_JPG.rf.de84ee0a2780c84aea502e8d95047b33.jpg,3468,4624,10,tDP06,輪班病
24443_JPG.rf.9fe4ff2c0478bfefd5ae93e3804bfd23.jpg,3468,4624,5,tDE02,網餅病
22472_JPG.rf.c7e26724e48dca9516fc470cf850c524.jpg,3468,4624,7,tDL09,地衣
7371_JPG.rf.1def9a31c7e75c62b3ddc2598b3849b5.jpg,3120,3120,6,tDE03,茶餅病
24342_JPG.rf.565c4abe316087cde7f51e6edec995d7.jpg,3468,4624,5,tDE02,網餅病
24497_JPG.rf.16bb949532d3d50282d303c0938b20ae.jpg,3024,4032,7,tDL09,地衣
1907_JPG.rf.fa40e133fc6ec7dbe3f550f4ba75da8c.jpg,2048,1365,3,tDC08,藻斑病
3538_JPG.rf.5d75e3c26a3c62d83be23ed081d0f157.jpg,3024,4032,6,tDE03,茶餅病
22432_JPG.rf.e98dac3421140ef48585635c0a913735.jpg,3024,4032,10,tDP06,輪班病
24536_JPG.rf.1e5a83dccc17e98fe419f7d1b2c9190e.jpg,3024,4032,7,tDL09,地衣
33728_JPG.rf.b9162a65b9638ca022c64292470a2112.jpg,3024,4032,7,tDL09,地衣
7366_JPG.rf.082a472b16b492032d02691bdd62c908.jpg,3120,3120,6,tDE03,茶餅病
7332_JPG.rf.b4dd2ca0c95e8df3dba34137a6a6b786.jpg,3120,3120,6,tDE03,茶餅病
7731_JPG.rf.437ed345dfbdcd9d884041d413ddf0ed.jpg,3024,4032,6,tDE03,茶餅病
24982_JPG.rf.50cf529ec1756cd54b3cc584fd7de7a0.jpg,3024,3024,7,tDL09,地衣
2527_JPG.rf.b0f04d37acf450504d3ac4f28f0ead29.jpg,4032,3024,11,tDS07,煤煙病
1361_JPG.rf.38b56bf38db066505a56f2cd202da661.jpg,3024,4032,10,tDP06,輪班病
24518_JPG.rf.0b1ee0eb9ca1b518c6ab85e13ca91265.jpg,3024,4032,7,tDL09,地衣
5310_JPG.rf.2a81941662830c80b3ea7534e417e0a3.jpg,3120,3120,8,tDM04,茶髮狀病
22415_JPG.rf.db6ed1d2bfb9324ab4e17811233790a5.jpg,3024,4032,10,tDP06,輪班病
5130_JPG.rf.a3af5901594135108b87667ee3f73f38.jpg,3024,4032,8,tDM04,茶髮狀病
5314_JPG.rf.1620954e644490a6a99816d60e21b333.jpg,3120,3120,8,tDM04,茶髮狀病
7267_JPG.rf.7cd3f7d73044a6b50afe51385e3d77fd.jpg,3120,3120,6,tDE03,茶餅病
24946_JPG.rf.76790885b565ee606a713c3efabb410d.jpg,3024,4032,7,tDL09,地衣
2670_JPG.rf.fdfeecee17e2971da84c9a35cd98b2da.jpg,3120,3120,11,tDS07,煤煙病
6658_JPG.rf.33db8b4e4b8fce4b5315745d9909ff24.jpg,4624,3468,6,tDE03,茶餅病
2565_JPG.rf.31cfef7f4061679becbeae540ca6095f.jpg,4032,3024,3,tDC08,藻斑病
2035_JPG.rf.825545707773e0733699c766c9157e6e.jpg,3480,4640,2,tDC01,赤葉枯病
2000_JPG.rf.c3bf91fe97ff869fce0cfc05cb99e201.jpg,3480,4640,2,tDC01,赤葉枯病
7567_JPG.rf.bac550c4102e7c667822f6b409735b54.jpg,4032,3024,6,tDE03,茶餅病
1925_JPG.rf.0c63d2db80c2fde0ef8131eeed3634d4.jpg,2048,1365,3,tDC08,藻斑病
85_JPG.rf.35b132d8717b24c24d803ab9d285cda2.jpg,2268,4032,4,tDD11,枝枯病
7288_JPG.rf.62545d320a32d73a5ebd108503ccdd08.jpg,3120,3120,6,tDE03,茶餅病
24505_JPG.rf.c3a5e20e73b15190119e89877a4ad310.jpg,3024,4032,7,tDL09,地衣
2424_JPG.rf.9f3a47fe100e4f11dfaf785be27bee9a.jpg,3120,3120,3,tDC08,藻斑病
2921_JPG.rf.43bd8e62089458e4dd244ac5e4a4e856.jpg,4032,3024,3,tDC08,藻斑病
33577_JPG.rf.debe51a7cec5e30e18e6e660f0b9a4b9.jpg,3024,4032,2,tDC01,赤葉枯病
1767_JPG.rf.0275508c8787df4ab0f0adc09f685684.jpg,3024,4032,4,tDD11,枝枯病
5559_JPG.rf.5e25a3459bef8a869f37ba1bd2d6d1f5.jpg,3120,3120,10,tDP06,輪班病
3356_JPG.rf.6254d74ac2411fe1fe7d8a36cef8c8d8.jpg,3120,3120,10,tDP06,輪班病
5308_JPG.rf.b3617c500b79fe140d46a8c50424e4bb.jpg,3120,3120,8,tDM04,茶髮狀病
6765_JPG.rf.34e08601ff87bbc6997d488c871bbce5.jpg,4032,3024,6,tDE03,茶餅病
22373_JPG.rf.606b529eded440caaa15e86a88d784ff.jpg,3024,4032,9,tDM10,苔癬
2012_JPG.rf.369b1eb813f53fca163d4f572b2b480f.jpg,3480,4640,2,tDC01,赤葉枯病
24116_JPG.rf.e4fc23ae91f8ced410d137662891ef46.jpg,3468,4624,5,tDE02,網餅病
22399_JPG.rf.5b51644a96fff30fb9203ea0723b3c41.jpg,3468,4624,2,tDC01,赤葉枯病
24055_JPG.rf.bcdce558f1e6d4915616becaab7ff88c.jpg,3468,4624,5,tDE02,網餅病
5543_JPG.rf.d94f0b8621774ba9c302b4f542d1b94a.jpg,3120,3120,10,tDP06,輪班病
1868_JPG.rf.c6f8366cbff26bd61807b58e3d447cf8.jpg,3024,4032,3,tDC08,藻斑病
7568_JPG.rf.613f93bcb1583fcb2d7c213adc5dbec0.jpg,3024,4032,6,tDE03,茶餅病
33737_JPG.rf.0859683a798ff1135ce9e67895723a57.jpg,3024,4032,7,tDL09,地衣
5334_JPG.rf.351bceb147f17f60ae1ab16cf10d0344.jpg,3120,3120,8,tDM04,茶髮狀病
1909_JPG.rf.52eafb4441b68dc3a4ce88afc364a8a4.jpg,1365,2048,3,tDC08,藻斑病
22349_JPG.rf.98c1187688a112e4292a57aff3a4efa3.jpg,3468,4624,10,tDP06,輪班病
7259_JPG.rf.2803c34cf2d0788c30a5ff8f9982edb9.jpg,3120,3120,6,tDE03,茶餅病
1911_JPG.rf.c5da3e24faecf4da67ac84b91dd5198d.jpg,1365,2048,3,tDC08,藻斑病
5133_JPG.rf.d28e9f77e15cdd910c8f1662ea3ddc66.jpg,3024,4032,8,tDM04,茶髮狀病
7796_JPG.rf.537719e5a24f5121144cafc2b67b1156.jpg,3024,4032,6,tDE03,茶餅病
7280_JPG.rf.093d633f264e0933c9095d0777c49dc0.jpg,3120,3120,6,tDE03,茶餅病
1423_JPG.rf.d072b34111f1dcf937206a702a347912.jpg,4032,3024,10,tDP06,輪班病
3609_JPG.rf.9cc914a5b80c1bcd700e81b0ae87fccb.jpg,4032,3024,6,tDE03,茶餅病
6683_JPG.rf.35c92ed2b2432755f0b6f5522295372b.jpg,3468,4624,6,tDE03,茶餅病
2598_JPG.rf.fb832a3c8ad1edf53567e3b1d6a79c9b.jpg,3024,4032,11,tDS07,煤煙病
2911_JPG.rf.cf344aea861094b54e19b59cef321d67.jpg,3024,4032,3,tDC08,藻斑病
3228_JPG.rf.4a910628edfdfd9f9fabcbd2e64cc424.jpg,3024,4032,8,tDM04,茶髮狀病
1447_JPG.rf.54125dd5bd99b62b6230992800caa9ee.jpg,3024,4032,10,tDP06,輪班病
3267_JPG.rf.165a393b69af8fafca8dce7f53a07478.jpg,3024,4032,8,tDM04,茶髮狀病
3532_JPG.rf.20b69958eb7a073e18c357810c2efcca.jpg,3024,4032,6,tDE03,茶餅病
3153_JPG.rf.555779eb1cc752c2d1614cb4a066ae1d.jpg,3024,4032,8,tDM04,茶髮狀病
2949_JPG.rf.a0e213254e1e7e3acd1dc89b70b92c75.jpg,3024,4032,8,tDM04,茶髮狀病
7331_JPG.rf.c804a02c00eef050edc4497db350a6bf.jpg,3120,3120,6,tDE03,茶餅病
3777_JPG.rf.b7ac4f5c7122784bc808ac452af337cd.jpg,3480,4640,3,tDC08,藻斑病
2537_JPG.rf.c9832da798f9e5a88207e320b7560a83.jpg,4032,3024,11,tDS07,煤煙病
2903_JPG.rf.dc67c0dd462225b9c6c075a907730403.jpg,3024,4032,3,tDC08,藻斑病
7172_JPG.rf.220d8794896a06f2b7d9e368da65aad6.jpg,3024,4032,6,tDE03,茶餅病
24320_JPG.rf.af4df7d4008e12d543400b4b5e78f733.jpg,3468,4624,5,tDE02,網餅病
4634_JPG.rf.40aca9439ea6e5db57131589ab61756e.jpg,2268,4032,2,tDC01,赤葉枯病
2723_JPG.rf.9a7094728223a373bb7070ea12e6f758.jpg,3024,4032,3,tDC08,藻斑病
24492_JPG.rf.4b1e006ea65f2d0c124a2d5c6c18cf4b.jpg,3468,4624,7,tDL09,地衣
2688_JPG.rf.458e23e3f3f26c4f4d220e3357d69e93.jpg,3120,3120,11,tDS07,煤煙病
6723_JPG.rf.40a1471254fbfd43f66479f8cac83202.jpg,4624,3468,6,tDE03,茶餅病
1824_JPG.rf.2c976a0635c7ee36af5f22c8c5539d80.jpg,3024,4032,10,tDP06,輪班病
2910_JPG.rf.1245d997d8a3ac3487d954860d5fb704.jpg,3024,4032,3,tDC08,藻斑病
1933_JPG.rf.f3f8cf2a354bf09106bceddc380152c2.jpg,1365,2048,3,tDC08,藻斑病
3487_JPG.rf.b3cf7886e8b0ff64f4bcd47545ae4ef7.jpg,4032,3024,6,tDE03,茶餅病
7319_JPG.rf.8cba53e7b3ab44da77e8ad46fcd5e290.jpg,3120,3120,6,tDE03,茶餅病
33586_JPG.rf.4fa9916fa4ffef31c85368a0f85735c8.jpg,3024,4032,10,tDP06,輪班病
7823_JPG.rf.5ed159ba03873d0bc27a342d007d965f.jpg,3024,4032,6,tDE03,茶餅病
5309_JPG.rf.b73ef4ada71bd2608ff327154054096b.jpg,3120,3120,8,tDM04,茶髮狀病
5553_JPG.rf.06dc05338e4fb65b70e94c1ca2a737f5.jpg,3120,3120,10,tDP06,輪班病
3615_JPG.rf.256955d8ae3ac5c3dd106b8ad475281b.jpg,3024,4032,6,tDE03,茶餅病
6598_JPG.rf.31eb6996b5917f6e1599dc6a93249dbf.jpg,3468,4624,6,tDE03,茶餅病
2138_JPG.rf.13af0518d1bbe3a4c00d0ecedd5a7e38.jpg,3480,4640,4,tDD11,枝枯病
3801_JPG.rf.cde54e89b1a947de8d23655c714387d1.jpg,3480,4640,3,tDC08,藻斑病
5546_JPG.rf.9efc8b1cc7ff7d3423f2cf8f87db0a67.jpg,3120,3120,10,tDP06,輪班病
1960_JPG.rf.bf87f29b3723ee9b3401061fe6c1d66d.jpg,3024,4032,7,tDL09,地衣
7803_JPG.rf.c8d26170c2b428d7d739c32e65d38b7e.jpg,4032,3024,6,tDE03,茶餅病
24987_JPG.rf.8dfe6b55f058a758705745d0e40016ae.jpg,3024,3024,7,tDL09,地衣
7241_JPG.rf.9ec7219efecdb56e922047df7325bd3f.jpg,3120,3120,6,tDE03,茶餅病
3791_JPG.rf.d04a24d60c1e87faab2915ff6e76657a.jpg,3480,4640,3,tDC08,藻斑病
1993_JPG.rf.5799e11030b4287d8710795036e8ba8d.jpg,3480,4640,2,tDC01,赤葉枯病
6333_JPG.rf.df4b9e4a4d0e320f1510f5c439f59658.jpg,2268,4032,2,tDC01,赤葉枯病
1998_JPG.rf.631e760ba28f1f283d6e13ddb5b37393.jpg,3480,4640,2,tDC01,赤葉枯病
3966_JPG.rf.fd998415b7c88b3c270c784e4a27debb.jpg,3480,4640,3,tDC08,藻斑病
3449_JPG.rf.17d5b7bd666dc1731a8bd0c724470279.jpg,3024,4032,6,tDE03,茶餅病
1378_JPG.rf.1902725abfb8a3901bee81633433d1b6.jpg,3024,4032,3,tDC08,藻斑病
16_JPG.rf.d5d7b2a9ed3a2ecff1c594ebddeedf91.jpg,2268,4032,4,tDD11,枝枯病
6727_JPG.rf.d1d015ca4c08433c389affd361eebd87.jpg,4032,3024,6,tDE03,茶餅病
22488_JPG.rf.b664a64a9f18cea5798f3bffe578c65a.jpg,3468,4624,7,tDL09,地衣
2325_JPG.rf.c253d6e0e376b0c537cc5907333555d6.jpg,3120,3120,10,tDP06,輪班病
24985_JPG.rf.cb0cc7b03192886cb883e7f74ff2bbdc.jpg,3024,3024,7,tDL09,地衣
6772_JPG.rf.9b71caf65b8b3d736894f64fbdfbf58e.jpg,3024,4032,6,tDE03,茶餅病
2330_JPG.rf.635192f4b22a2f005341f04148061bd7.jpg,3120,3120,10,tDP06,輪班病
2560_JPG.rf.af0c2d901865e6c9d090594b38586f42.jpg,3024,4032,11,tDS07,煤煙病
7234_JPG.rf.5ef26e8c35b1df2bc9efa76320acb363.jpg,3120,3120,6,tDE03,茶餅病
7602_JPG.rf.5f575ea2fffb4bf98c7e2acc50dd912c.jpg,4032,3024,6,tDE03,茶餅病
2595_JPG.rf.dbd4ea2927932dfa6effab9087d25ddc.jpg,3024,4032,11,tDS07,煤煙病
7612_JPG.rf.0b8ea73547b817067235f9657039d69e.jpg,4032,3024,6,tDE03,茶餅病
24632_JPG.rf.f69b99afbe7f375365c07f826d9a2a3d.jpg,3024,4032,7,tDL09,地衣
1857_JPG.rf.e0231e3d24809617bcfbe17c93f76d99.jpg,3024,4032,3,tDC08,藻斑病
2513_JPG.rf.613728bc219f217aec7c56fcba125ee2.jpg,3024,4032,11,tDS07,煤煙病
1809_JPG.rf.b5cb73fdc909061edfa7aea7a4904658.jpg,3024,4032,10,tDP06,輪班病
2745_JPG.rf.abc1f29f66cf2ea835fdef626bed8f43.jpg,3024,4032,3,tDC08,藻斑病
24460_JPG.rf.016da1e446489caee17b812e7385807d.jpg,3468,4624,5,tDE02,網餅病
7176_JPG.rf.35fbe446044e52b38202d06a2438f7b4.jpg,3024,4032,6,tDE03,茶餅病
2919_JPG.rf.40750c24f0f455fa90be3d8c5d2739c0.jpg,3024,4032,3,tDC08,藻斑病
33151_JPG.rf.c83dca89e8cd8c8201b336f18d51f65b.jpg,3024,4032,4,tDD11,枝枯病
7799_JPG.rf.ffe5959d6bf731763bf24b4252199a38.jpg,3024,4032,6,tDE03,茶餅病
6778_JPG.rf.2d1ca22c30cf1473d6f03db533170f31.jpg,3024,4032,6,tDE03,茶餅病
7698_JPG.rf.3fca3f8a41dc5ddf7879438668a93cc4.jpg,4032,3024,6,tDE03,茶餅病
33742_JPG.rf.23f19c6c9ad744c996637b43d4fb3623.jpg,3024,4032,9,tDM10,苔癬
7321_JPG.rf.d27f487cc78223b104e21281582f68f4.jpg,3120,3120,6,tDE03,茶餅病
7801_JPG.rf.d02ef9a5fa18f421c11daf6c670cdda5.jpg,4032,3024,6,tDE03,茶餅病
5182_JPG.rf.476449e75bd232ebc55a311d0bb7ca7a.jpg,3120,3120,8,tDM04,茶髮狀病
1360_JPG.rf.8ae10c459863f4b8b5bf435fba9901f9.jpg,3024,4032,10,tDP06,輪班病
22343_JPG.rf.462ed442df4011c4e9049c3d4213bc0f.jpg,3468,4624,11,tDS07,煤煙病
24313_JPG.rf.6fd45126ee99ca7cd944c6ab58006264.jpg,3468,4624,5,tDE02,網餅病
2970_JPG.rf.982ec73e2cc6bdf7e11bfc7abc04fefd.jpg,3024,4032,8,tDM04,茶髮狀病
2422_JPG.rf.82bf1081e744e314080d4d2e3fc645ff.jpg,3120,3120,3,tDC08,藻斑病
24507_JPG.rf.9fc67a2055ca0d09f572b80c630eb2ad.jpg,3024,4032,7,tDL09,地衣
7185_JPG.rf.34a1567ae04795232ad81b4496f83fbd.jpg,3120,3120,6,tDE03,茶餅病
33107_JPG.rf.b5f5741ff1c9caccb927e7253ea991e2.jpg,3024,4032,4,tDD11,枝枯病
6282_JPG.rf.2cb36d6d4426954df21b20650493a36c.jpg,1705,960,3,tDC08,藻斑病
24514_JPG.rf.67fc7c95a818a9373f939f75e0404b76.jpg,3024,4032,7,tDL09,地衣
2232_JPG.rf.fce8d4942134b6b50d553d1688303983.jpg,3120,3120,2,tDC01,赤葉枯病
3230_JPG.rf.1be52f30574a8fa6fcb523e9e5f1c157.jpg,3024,4032,8,tDM04,茶髮狀病
4611_JPG.rf.d67dd8a462f7707bc32c3a730f86cad2.jpg,2268,4032,2,tDC01,赤葉枯病
1994_JPG.rf.fe3bc6c22c42d7712689fad70ae4f658.jpg,3024,4032,7,tDL09,地衣
2403_JPG.rf.fdd1de6c210abd5ce7dbc8e8097b9cff.jpg,3120,3120,3,tDC08,藻斑病
24057_JPG.rf.d33139c3bd9f8aa90b357bd62c2ea131.jpg,3468,4624,5,tDE02,網餅病
172_JPG.rf.2baf5676fa117bd189a79ffc6a580c8d.jpg,3480,4640,2,tDC01,赤葉枯病
3946_JPG.rf.df114baac0a6a42380b15de183bbecce.jpg,3480,4640,3,tDC08,藻斑病
5202_JPG.rf.92a51e500613c64ac6dcdbe88822451b.jpg,3120,3120,8,tDM04,茶髮狀病
25003_JPG.rf.50c28fbb01b9f8617c2c7de4e9c00b13.jpg,3024,3024,7,tDL09,地衣
7283_JPG.rf.e28190766dd234add25a7efab3709afd.jpg,3120,3120,6,tDE03,茶餅病
2636_JPG.rf.d81e2c4bab676138e5a492280b1bb981.jpg,3024,4032,11,tDS07,煤煙病
24477_JPG.rf.9f4d1b3761bda9d547e1fabb9a2ab164.jpg,3468,4624,7,tDL09,地衣
6735_JPG.rf.d82fd3ab6c80d9db95c1a6f8a7e52d33.jpg,4032,3024,6,tDE03,茶餅病
2677_JPG.rf.9ecb988b938035e90657a02d02657d38.jpg,3120,3120,11,tDS07,煤煙病
5298_JPG.rf.8deacd1815810421814a7f578cfe3fdf.jpg,3120,3120,8,tDM04,茶髮狀病
5126_JPG.rf.fe2869f9c2565f3ca571a9e53bc8017c.jpg,3024,4032,8,tDM04,茶髮狀病
232_JPG.rf.b4dc42ef21ae40b4929b50c126207ebc.jpg,3480,4640,2,tDC01,赤葉枯病
7256_JPG.rf.973779dcbed5e2a0b5cebdfaf0204a64.jpg,3120,3120,6,tDE03,茶餅病
2936_JPG.rf.4b0aa591e715b2aece6f6770effb6c36.jpg,4032,3024,3,tDC08,藻斑病
2561_JPG.rf.65f3ed7dae7f3585b1727aabf456d8d1.jpg,4032,3024,11,tDS07,煤煙病
7368_JPG.rf.695fafdc5aa159f7a440d40df4238df9.jpg,3120,3120,6,tDE03,茶餅病
5177_JPG.rf.f7dbeaab862f95f092f43a78121b5ffb.jpg,3120,3120,8,tDM04,茶髮狀病
33751_JPG.rf.41662ef9d37fca79dae91020c660d902.jpg,3024,4032,7,tDL09,地衣
24984_JPG.rf.924204877428bfe17079a1c1eddf919a.jpg,3024,3024,7,tDL09,地衣
1873_JPG.rf.a3d82ca9fa2d624465dbc11b5003e899.jpg,3024,4032,3,tDC08,藻斑病
24114_JPG.rf.205a580318844b3915860e001fd988aa.jpg,3468,4624,5,tDE02,網餅病
3782_JPG.rf.a85e826c4fe22eec1d04fec977bcf874.jpg,3480,4640,3,tDC08,藻斑病
24053_JPG.rf.1521558b3c4fc9d294c7ae4208b54971.jpg,3468,4624,5,tDE02,網餅病
7325_JPG.rf.f9383b3bdae34c1d2724029dbe6da637.jpg,3120,3120,6,tDE03,茶餅病
6748_JPG.rf.85b655215aa8b32825a4df1f21162118.jpg,4032,3024,6,tDE03,茶餅病
7257_JPG.rf.eaad38f894af3bf91ad0fc9dc9c1ea3a.jpg,3120,3120,6,tDE03,茶餅病
2912_JPG.rf.486338c410e993363066f02f5060a0e6.jpg,3024,4032,3,tDC08,藻斑病
3163_JPG.rf.3f35488fa6894d5d63623c30c3ac325a.jpg,3024,4032,8,tDM04,茶髮狀病
24478_JPG.rf.00688d368ffabb32e49aa4d97ac187da.jpg,3468,4624,7,tDL09,地衣
6609_JPG.rf.87a16ec296a91ca0942ff9c14b34cd65.jpg,3468,4624,6,tDE03,茶餅病
24619_JPG.rf.614b07f1eb4f3bea9c5a4d3bd42f80e7.jpg,3024,4032,7,tDL09,地衣
24375_JPG.rf.fbf0bdf1c2d8d2c9a48e07cc610812af.jpg,3468,4624,5,tDE02,網餅病
6675_JPG.rf.028db0f8e0cd3a1bcd6a575323a07564.jpg,4624,3468,6,tDE03,茶餅病
5443_JPG.rf.df537f9cff506901a9eb688f9d0325a0.jpg,1705,960,2,tDC01,赤葉枯病
3622_JPG.rf.7503768c0774fea2d93a57e8231aafb3.jpg,4032,3024,6,tDE03,茶餅病
33753_JPG.rf.1da5667ef288e7965dec9e8642859f62.jpg,3024,4032,7,tDL09,地衣
24413_JPG.rf.3d9f4c68de93a02620c863b8af37c243.jpg,3468,4624,5,tDE02,網餅病
5326_JPG.rf.1f6ac0e9af4aaa08ec212c05acd48852.jpg,3120,3120,8,tDM04,茶髮狀病
22439_JPG.rf.015049a872479b85f8cd824ef042c820.jpg,3024,4032,10,tDP06,輪班病
7597_JPG.rf.b3230d4811cd781b0d8b94161f8bc988.jpg,3024,4032,6,tDE03,茶餅病
2975_JPG.rf.2933cd3297869bb8a237d286b6fa4ea6.jpg,3024,4032,8,tDM04,茶髮狀病
3583_JPG.rf.ce55d87bfb5a3c9e6a0f7a0c2483a832.jpg,4032,3024,6,tDE03,茶餅病
6694_JPG.rf.aa4bce65e12e5aabdbc4d6abee2b0cb9.jpg,4624,3468,6,tDE03,茶餅病
24076_JPG.rf.2140006f81e6ad14885fda1ea5d4afc7.jpg,3468,4624,5,tDE02,網餅病
6342_JPG.rf.b7222f6bbd0ff4b6c266b9caff04f295.jpg,2268,4032,2,tDC01,赤葉枯病
2284_JPG.rf.09c29805a8875b8fe26ff0710f4aa421.jpg,3024,4032,10,tDP06,輪班病
3527_JPG.rf.dbdba1a1b9d451ae1d720528da5b0588.jpg,3024,4032,6,tDE03,茶餅病
1394_JPG.rf.7a2798799650859842de76dc1ca1df33.jpg,4032,3024,10,tDP06,輪班病
3613_JPG.rf.669a251d40212d594b00a8eaa7d64912.jpg,3024,4032,6,tDE03,茶餅病
7360_JPG.rf.7f4e7cdc69a61dfc5eb6ea8c15098fb8.jpg,3120,3120,6,tDE03,茶餅病
2540_JPG.rf.44add2455e445e4f05454900cf2b95f2.jpg,4032,3024,11,tDS07,煤煙病
24493_JPG.rf.2b312beb7d245bc0a1a813dafd5f5811.jpg,3468,4624,7,tDL09,地衣
6704_JPG.rf.3c7ac14e5ec9777edf8b1008e907946b.jpg,4624,3468,6,tDE03,茶餅病
5336_JPG.rf.fb47fb9dd738a7ef3756bcba3802079f.jpg,3120,3120,8,tDM04,茶髮狀病
3936_JPG.rf.7edcf259a97f6258357cb204ab8bd5bd.jpg,3480,4640,3,tDC08,藻斑病
33132_JPG.rf.23dbb45ab140d4ed3de47084e1a320ac.jpg,3024,4032,4,tDD11,枝枯病
24316_JPG.rf.c0b66e3e642f62bcd84d98bce3f995e6.jpg,3468,4624,5,tDE02,網餅病
2302_JPG.rf.d3682c9218666da739fc6767cdc539f4.jpg,3120,3120,10,tDP06,輪班病
24366_JPG.rf.334b2499600a95d66324d0dfe12baada.jpg,3468,4624,5,tDE02,網餅病
7838_JPG.rf.6461be57e0be135ca45a84be2987241a.jpg,4032,3024,6,tDE03,茶餅病
24993_JPG.rf.ab2be974476f69ad0aec2311bc53407a.jpg,3024,3024,7,tDL09,地衣
33110_JPG.rf.635bed758fde485daff68332399500b1.jpg,3024,4032,3,tDC08,藻斑病
2264_JPG.rf.1b55547395eaa40dc482744e631f0d84.jpg,3120,3120,7,tDL09,地衣
24519_JPG.rf.1cad4a259b54168af99a9596452139f9.jpg,3024,4032,7,tDL09,地衣
6775_JPG.rf.f3e462281445be112d5a3f2663b98a4a.jpg,4032,3024,6,tDE03,茶餅病
3518_JPG.rf.64e1f7a31853386ffa1e48f1f17eb690.jpg,3024,4032,6,tDE03,茶餅病
1921_JPG.rf.098f5c8052ec6bfab4fad0339897b1ba.jpg,1365,2048,3,tDC08,藻斑病
3052_JPG.rf.f0f71bedcb7a5e67303d88ee22237c44.jpg,3024,4032,8,tDM04,茶髮狀病
24939_JPG.rf.e33a79f985050eb4329a3e6e4e0e8564.jpg,3024,4032,7,tDL09,地衣
3637_JPG.rf.33a940c1872778a67bf181c41325db02.jpg,3024,4032,6,tDE03,茶餅病
24050_JPG.rf.37a73c82c7a782fee24b3e1e4c431e3f.jpg,3468,4624,5,tDE02,網餅病
1780_JPG.rf.ffe85602f906fa10057617bae92e7faa.jpg,1478,1108,2,tDC01,赤葉枯病
1950_JPG.rf.7644cd6d846ee308dd8bcb16b5d39b34.jpg,1478,1108,3,tDC08,藻斑病
5221_JPG.rf.5194088dd6da0a77d8d5d30b74b57493.jpg,3120,3120,8,tDM04,茶髮狀病
2447_JPG.rf.5e79ecb4995b82db3b4fa7714c82740c.jpg,3024,4032,11,tDS07,煤煙病
33579_JPG.rf.40f760f041b7711a664cce6adc5ada5e.jpg,3024,4032,10,tDP06,輪班病
24322_JPG.rf.1b2d03d36bab887c77768bfc94939c08.jpg,3468,4624,5,tDE02,網餅病
22354_JPG.rf.5631cc54f5ae5887c238f12e8e93a893.jpg,3468,4624,10,tDP06,輪班病
24968_JPG.rf.ee34661d58159364eceaee20512db80c.jpg,3024,4032,7,tDL09,地衣
3525_JPG.rf.187969b249432339b886334df61dfa91.jpg,4032,3024,6,tDE03,茶餅病
1930_JPG.rf.804b3f15f4f2eaf82a33741a2d061ada.jpg,2048,1365,3,tDC08,藻斑病
3541_JPG.rf.7a0ad4bbce05f4ae026d787eddbc0ab9.jpg,3024,4032,6,tDE03,茶餅病
7266_JPG.rf.82d98ee5a923819d2bb05eb3285323b5.jpg,3120,3120,6,tDE03,茶餅病
7545_JPG.rf.69d67b9f8144fe0ae3a29717368d2af4.jpg,4032,3024,6,tDE03,茶餅病
22358_JPG.rf.378376e44c6ca5a91828969763eeee3f.jpg,3024,4032,10,tDP06,輪班病
2626_JPG.rf.1f4674cec20b9411a842b7e5276063a0.jpg,3024,4032,11,tDS07,煤煙病
7291_JPG.rf.53433c7a23b0ab0abe63567ee9f587a7.jpg,3120,3120,6,tDE03,茶餅病
7618_JPG.rf.deaf3836787eee16dcd22f47ab259551.jpg,4032,3024,6,tDE03,茶餅病
33740_JPG.rf.d0b6ff44e2a3f7de94c3c851240c1572.jpg,3024,4032,9,tDM10,苔癬
7577_JPG.rf.2a882c7784dd82684faa306506581534.jpg,4032,3024,6,tDE03,茶餅病
33094_JPG.rf.8fbc7964566319e796ab598ad33927e1.jpg,3024,4032,4,tDD11,枝枯病
2360_JPG.rf.cec3a4ed8016a055d79d3b2e28218796.jpg,3024,4032,3,tDC08,藻斑病
3030_JPG.rf.793b6570c585b521c046422dbc3e1fab.jpg,3024,4032,8,tDM04,茶髮狀病
3540_JPG.rf.4ddccda5553bef2777958f59ce06ff9c.jpg,3024,4032,6,tDE03,茶餅病
3219_JPG.rf.bb1277e7985930c725f8b3a6d4941cdc.jpg,3024,4032,8,tDM04,茶髮狀病
3612_JPG.rf.14631472feea93903494922c6e41e495.jpg,3024,4032,6,tDE03,茶餅病
33640_JPG.rf.c4ee455febdda6d6720a050de0543f66.jpg,3024,4032,11,tDS07,煤煙病
5549_JPG.rf.ad9152e06907b636a1dd32884e428249.jpg,3120,3120,2,tDC01,赤葉枯病
5210_JPG.rf.b122f1f796b99c905145b86f8c651cac.jpg,3120,3120,8,tDM04,茶髮狀病
2431_JPG.rf.49502343a51bf95844d31f824e17a4ca.jpg,3024,4032,3,tDC08,藻斑病
22375_JPG.rf.62fa92d514aea85d6ef9f0ec905046eb.jpg,3024,4032,9,tDM10,苔癬
33715_JPG.rf.602ecf30f8f2ab554971dca98f61a39a.jpg,3024,4032,11,tDS07,煤煙病
3778_JPG.rf.aaee6b63e3650b4e53d46451fc8c158c.jpg,3480,4640,3,tDC08,藻斑病
5129_JPG.rf.7daa892ab3358598fbf6b9f2f843a701.jpg,3024,4032,8,tDM04,茶髮狀病
4677_JPG.rf.c52e7a1d75a2e33e7ce4fe558d394cf4.jpg,2268,4032,2,tDC01,赤葉枯病
33172_JPG.rf.68e1a21267a5147f921eb1904f2fc67a.jpg,3024,4032,4,tDD11,枝枯病
22503_JPG.rf.35375630d0ecbb4d2ab71e0fb01b3082.jpg,3468,4624,7,tDL09,地衣
24359_JPG.rf.0af3b9513c7e1a0717da29cba785e002.jpg,3468,4624,5,tDE02,網餅病
3184_JPG.rf.801ae0db573397ef5fb856eeea8a8d9f.jpg,3024,4032,8,tDM04,茶髮狀病
2581_JPG.rf.f1673424143b13942109de05038f8ffc.jpg,3024,4032,11,tDS07,煤煙病
2346_JPG.rf.556cc1feaf3cbf49ca838af52debd487.jpg,3120,3120,10,tDP06,輪班病
3296_JPG.rf.f47af12825d2b38f3bf721b493e8d194.jpg,3024,4032,8,tDM04,茶髮狀病
7160_JPG.rf.67a857ec03af76f1e4d8bd09ab0612e1.jpg,3024,4032,6,tDE03,茶餅病
7793_JPG.rf.b6a0f05e6a5701edf4eacf862b0c92fc.jpg,4032,3024,6,tDE03,茶餅病
5300_JPG.rf.ef7ebe584602c4635ac46ff8c4c983c3.jpg,3120,3120,8,tDM04,茶髮狀病
22409_JPG.rf.74f5216e16377a1133ef3aeb4560f4da.jpg,3468,4624,10,tDP06,輪班病
2968_JPG.rf.cab50f98d21d3460c2358977981d9696.jpg,3024,4032,8,tDM04,茶髮狀病
5562_JPG.rf.cc210b5a75c4a8d2181b7ceaf9394b14.jpg,3024,4032,3,tDC08,藻斑病
2010_JPG.rf.74099bb040bfcc57d831eabdfe2136f6.jpg,3120,3120,7,tDL09,地衣
24951_JPG.rf.48bdb955c6c052cf6666cd263eea6de6.jpg,3024,4032,7,tDL09,地衣
22338_JPG.rf.b8e0234b07cb65d10ab5c4a82f6da05d.jpg,3468,4624,7,tDL09,地衣
33752_JPG.rf.698c697bcb6a60aee0e1be0525817047.jpg,3024,4032,7,tDL09,地衣
33622_JPG.rf.5569b24da306809132596ad42cfaadcc.jpg,3024,4032,11,tDS07,煤煙病
5315_JPG.rf.e2a65bf3c91640321df5341daaf20aac.jpg,3120,3120,8,tDM04,茶髮狀病
1910_JPG.rf.9475a4b099fa9fff21fdc2b5b49a78ae.jpg,1365,2048,3,tDC08,藻斑病
1431_JPG.rf.e2fea2de9b67b4fae71e3b696fdcae49.jpg,4032,3024,10,tDP06,輪班病
5390_JPG.rf.e01a707e8b23df2a783cc6c98ce5779a.jpg,4032,3024,8,tDM04,茶髮狀病
24135_JPG.rf.94fb234c83091247a9a784beaa08a345.jpg,3468,4624,5,tDE02,網餅病
33666_JPG.rf.8e6f7fc4f24f3177ecc4d648460e0680.jpg,3024,4032,11,tDS07,煤煙病
2356_JPG.rf.b133d35c9a27340909bed9da1576c45b.jpg,3024,4032,3,tDC08,藻斑病
2404_JPG.rf.d88509fd1a0ea3972eebef0f365547f6.jpg,3120,3120,3,tDC08,藻斑病
3604_JPG.rf.2631a43c6d43ab779f6aa0da9a835671.jpg,4032,3024,6,tDE03,茶餅病
2028_JPG.rf.9785d6a56dbd06d0c2b3a72746493ae3.jpg,3120,3120,7,tDL09,地衣
5402_JPG.rf.9e4a62b16ff05cc0c970e1946710e7ac.jpg,2268,4032,2,tDC01,赤葉枯病
2642_JPG.rf.d1413f309359eaacbb29e4f38d09edfa.jpg,3024,4032,11,tDS07,煤煙病
5220_JPG.rf.13402e223fe42a02eeff66c8e73920f4.jpg,3120,3120,8,tDM04,茶髮狀病
2820_JPG.rf.cd2fb4c3fc4c68aeac71d18ae20e221d.jpg,4032,3024,11,tDS07,煤煙病
5123_JPG.rf.02e4162f076ab2c4f706688d5f3a2665.jpg,3024,4032,8,tDM04,茶髮狀病
2600_JPG.rf.08cc5ff7ff1a806adfe7e802093bbb15.jpg,4032,3024,11,tDS07,煤煙病
3460_JPG.rf.6c7c114ad78fc5ce00c0bd1eafda3aad.jpg,4032,3024,6,tDE03,茶餅病
3349_JPG.rf.4929f5f81738e299231078f4b8bee604.jpg,3120,3120,2,tDC01,赤葉枯病
3561_JPG.rf.fc1841e1dec0a15782792a64c5d046ff.jpg,4032,3024,6,tDE03,茶餅病
2023_JPG.rf.fdadc655f6fb05b98ca053c398946ebe.jpg,3120,3120,7,tDL09,地衣
2808_JPG.rf.6355bc0846131a78f7bffc0fc5f9f44b.jpg,3024,4032,3,tDC08,藻斑病
5554_JPG.rf.3d0569c3cc892f0fb6b79cf3a36812fe.jpg,3120,3120,10,tDP06,輪班病
33635_JPG.rf.b51e92bba4cf76cb7c5a667de71f5179.jpg,3024,4032,7,tDL09,地衣
24091_JPG.rf.1826db205f27efe57b1d8aa4b4fc6338.jpg,3468,4624,5,tDE02,網餅病
6596_JPG.rf.c3e6e73b2498dd6fc99500792d64d20b.jpg,3468,4624,6,tDE03,茶餅病
24428_JPG.rf.96812187d02109dfbcb7dfff6f15134a.jpg,3468,4624,5,tDE02,網餅病
22504_JPG.rf.49c75ee889e897c7d022f4a5ce110568.jpg,3468,4624,7,tDL09,地衣
1895_JPG.rf.f63ca82ef7cb83c200312027e2be0db3.jpg,1478,1108,10,tDP06,輪班病
3575_JPG.rf.3ec2031f3da5b48824cdbc218cb2ede7.jpg,3024,4032,6,tDE03,茶餅病
5311_JPG.rf.990e92076783dda1bab35f39bd257d1e.jpg,3120,3120,8,tDM04,茶髮狀病
6709_JPG.rf.fcfb672b2d319a72ff0b51f2a0eda18e.jpg,4624,3468,6,tDE03,茶餅病
24961_JPG.rf.f86705a1d34807e6723fead4e2ea3231.jpg,3024,4032,7,tDL09,地衣
3628_JPG.rf.1404c5320ae0abe79cfeaea470fdf73f.jpg,4032,3024,6,tDE03,茶餅病
33721_JPG.rf.6904cfec078b7aa0aafb013f4daf5f02.jpg,3024,4032,10,tDP06,輪班病
3362_JPG.rf.7c38d28e8dc025151ef122abd40386eb.jpg,3120,3120,10,tDP06,輪班病
24132_JPG.rf.464fb50d900fc05a36ae45c2ff003c76.jpg,3468,4624,5,tDE02,網餅病
3046_JPG.rf.93cda689dc2b4f0e34fe15e822ff6be0.jpg,3024,4032,8,tDM04,茶髮狀病
1888_JPG.rf.632a742867aa9e30e024f0df6b7d0f41.jpg,3024,4032,3,tDC08,藻斑病
7370_JPG.rf.a85352de0a6bc50c76444c5654f4d52d.jpg,3120,3120,6,tDE03,茶餅病
22377_JPG.rf.5bcac4b7b6bf408e0889f46b9fd8a044.jpg,3024,3024,9,tDM10,苔癬
24093_JPG.rf.4269596cef9cb272c37935600f55e1fc.jpg,3468,4624,5,tDE02,網餅病
1891_JPG.rf.1b409f987f7c46b7a1cb44cd5da5af65.jpg,3024,4032,3,tDC08,藻斑病
24068_JPG.rf.798f8aa42981885a2de0b64bedb2f8db.jpg,3468,4624,5,tDE02,網餅病
5148_JPG.rf.234063053cd5f7428bd479d25a6b7b8b.jpg,3024,4032,8,tDM04,茶髮狀病
22351_JPG.rf.2234fabe7671bcf78b35eb59dd38b4bb.jpg,3468,4624,10,tDP06,輪班病
2827_JPG.rf.438ff1d5736b994daa5ce90b24573218.jpg,4032,3024,11,tDS07,煤煙病
24978_JPG.rf.d1cf0d59500549b1a03162189085da86.jpg,3024,4032,7,tDL09,地衣
2509_JPG.rf.a067471d7eb48e5bb7c9641ef3567d2a.jpg,3024,4032,11,tDS07,煤煙病
3315_JPG.rf.8caf4c9d686b7e6488cf1b5e36bf191d.jpg,3024,4032,8,tDM04,茶髮狀病
33122_JPG.rf.b9b0e5c884edda7f581fc3130e45d4f2.jpg,3024,4032,4,tDD11,枝枯病
33614_JPG.rf.5485333d30299d3d1804f9f9d39f8492.jpg,3024,4032,11,tDS07,煤煙病
24323_JPG.rf.05aa01dc62bdac19ebf0ea9f7690c929.jpg,3468,4624,5,tDE02,網餅病
1972_JPG.rf.23ace0d840fd011a21497aea0505be26.jpg,3024,4032,7,tDL09,地衣
7158_JPG.rf.b671d88ca31665be492193a27247048a.jpg,3024,4032,6,tDE03,茶餅病
5120_JPG.rf.457956d290a0909fa0953c3621dbad6b.jpg,3024,4032,8,tDM04,茶髮狀病
4608_JPG.rf.e57a5cef347ea536c78baa9cc2ce2c17.jpg,2268,4032,7,tDL09,地衣
6297_JPG.rf.4ca3a11c6d80bb4e37fc643351d5b446.jpg,1705,960,2,tDC01,赤葉枯病
7588_JPG.rf.d09daa482b72a90684074f47f8be7b82.jpg,4032,3024,6,tDE03,茶餅病
24506_JPG.rf.45b61c80fb7ac22f1afaf9958b623eeb.jpg,3024,4032,7,tDL09,地衣
1357_JPG.rf.57c5093b81dd247e515781c059173ac0.jpg,3024,4032,10,tDP06,輪班病
3627_JPG.rf.14ce5975030e4e235d4f4a3935e38c9c.jpg,4032,3024,6,tDE03,茶餅病
2736_JPG.rf.73a3b2fbc308c6c5a6b72149e2663d4c.jpg,3024,4032,3,tDC08,藻斑病
5525_JPG.rf.b7cf4e0efd16ee8828e35c03a5af20f3.jpg,3024,4032,10,tDP06,輪班病
7623_JPG.rf.d3d10c190cea6c431ae7e74ccb49c679.jpg,3024,4032,6,tDE03,茶餅病
22397_JPG.rf.8d56a255a3b24666d3d8491b66e37a0c.jpg,3468,4624,10,tDP06,輪班病
91_JPG.rf.a4cc64aa9fa16aaeff80533c077d6d29.jpg,2268,4032,2,tDC01,赤葉枯病
33736_JPG.rf.226434405f31a16c9e172e1100920d86.jpg,3024,4032,7,tDL09,地衣
24378_JPG.rf.eddd7d57276764299b7e9ba609fb441c.jpg,3468,4624,5,tDE02,網餅病
2652_JPG.rf.fce2ea09a6c9b1cb9df4c16f58700755.jpg,3120,3120,11,tDS07,煤煙病
5413_JPG.rf.585fb30326a52555b265f2e9ff20fe1c.jpg,2268,4032,2,tDC01,赤葉枯病
24549_JPG.rf.56394f530c767fb61f6304fdf7f2bcab.jpg,3024,4032,7,tDL09,地衣
1400_JPG.rf.4029c8503854cb7f3f133cd4e573de02.jpg,4032,3024,3,tDC08,藻斑病
5190_JPG.rf.75b22a275dca9e12c66a266756c1ba6d.jpg,3120,3120,8,tDM04,茶髮狀病
24049_JPG.rf.1a66d5e910d6376217220473cc3df5a0.jpg,3468,4624,5,tDE02,網餅病
3243_JPG.rf.c3b6e1ef24adc72b9b9713388a7523a5.jpg,3024,4032,8,tDM04,茶髮狀病
2396_JPG.rf.4c547e1e922629c3c853a9745a759ee1.jpg,3024,4032,3,tDC08,藻斑病
3521_JPG.rf.3d17d1282d310b016f98efd8841ca7db.jpg,4032,3024,6,tDE03,茶餅病
1883_JPG.rf.221dbec36aa9ac9ba1d17977a24cc817.jpg,3024,4032,3,tDC08,藻斑病
2664_JPG.rf.bf1cbcadfa9d0bebd1ba63fe4f46d0ac.jpg,3120,3120,11,tDS07,煤煙病
1914_JPG.rf.f5f151a742f4f52c7babd0520a175071.jpg,2048,1365,3,tDC08,藻斑病
2367_JPG.rf.0241962f9eafb0ca8a5ffdc16f184049.jpg,3024,4032,3,tDC08,藻斑病
3571_JPG.rf.8434974cd736634d75d9935c8e86e738.jpg,3024,4032,6,tDE03,茶餅病
4613_JPG.rf.4541be969be6703ef932d9b28b68ae79.jpg,2268,4032,2,tDC01,赤葉枯病
33100_JPG.rf.008af0a3696f4c336bc4059c1be2f292.jpg,3024,4032,4,tDD11,枝枯病
1402_JPG.rf.6beef46ce1d27210751d3cd7a238b3ad.jpg,4032,3024,3,tDC08,藻斑病
139_JPG.rf.bbfc4bcdab9870a83b634cc77f68f5d5.jpg,2268,4032,2,tDC01,赤葉枯病
5165_JPG.rf.18a5ed9c12bb1afaeedd73d770271485.jpg,3120,3120,8,tDM04,茶髮狀病
22440_JPG.rf.f1a3022d49eb70a5cd59e71675e606ee.jpg,3024,4032,10,tDP06,輪班病
24500_JPG.rf.06737318c9d3357157713d68bd3acddf.jpg,3024,4032,7,tDL09,地衣
5216_JPG.rf.44d20da56406ee91d296990e85d44628.jpg,3120,3120,8,tDM04,茶髮狀病
2322_JPG.rf.cf530df9461698ae93097c62a14830e1.jpg,3120,3120,10,tDP06,輪班病
33735_JPG.rf.28bfce6a08c5cca91d23677034d0d945.jpg,3024,4032,7,tDL09,地衣
2036_JPG.rf.dd540581182ccb5d657b7328d682d25f.jpg,3480,4640,2,tDC01,赤葉枯病
22479_JPG.rf.c5ce518f7965ba3e617e469574c66c4a.jpg,3468,4624,7,tDL09,地衣
2822_JPG.rf.bd2f5177ee6a9919e7a8732595774132.jpg,4032,3024,11,tDS07,煤煙病
22348_JPG.rf.5298136b816060accf00dda48500f238.jpg,3468,4624,10,tDP06,輪班病
4606_JPG.rf.3d8b634b27b1ed184cad675f848534d6.jpg,2268,4032,4,tDD11,枝枯病
7564_JPG.rf.958189687f5d1b4432fa714e2f991af7.jpg,3024,4032,6,tDE03,茶餅病
6627_JPG.rf.235ff79933b815dc0f32bd57c23c1fd9.jpg,4624,3468,6,tDE03,茶餅病
7724_JPG.rf.56f75fc1fe8e2ea0275e50231c4184c1.jpg,4032,3024,6,tDE03,茶餅病
26764_JPG.rf.eaf7c98bb7ef0236d90d867ddb8da3d1.jpg,3468,4624,10,tDP06,輪班病
1818_JPG.rf.dca166188a34173b4f0deceec36b47dc.jpg,3024,4032,10,tDP06,輪班病
6646_JPG.rf.bfa66618f3cbe34b92cc4afa16b04304.jpg,4624,3468,6,tDE03,茶餅病
1987_JPG.rf.ee6e177b95f8ca3e657c5e40061cf2b5.jpg,3024,4032,7,tDL09,地衣
22356_JPG.rf.3b81c73e58b23d92f41135ceca886265.jpg,3024,4032,10,tDP06,輪班病
7818_JPG.rf.e1f80cabb59ce30c6e206fa9d57a6a71.jpg,3024,4032,6,tDE03,茶餅病
24324_JPG.rf.3de4d3c75ae926d05460f53512aefef0.jpg,3468,4624,5,tDE02,網餅病
3941_JPG.rf.a08f68cb62152cfa4f432e0f1dc6422c.jpg,3480,4640,3,tDC08,藻斑病
3513_JPG.rf.c208949b364d3beee8c4c2a605cd0a04.jpg,4032,3024,6,tDE03,茶餅病
6349_JPG.rf.cb9f804a2d8c160aa835327ef3a464af.jpg,2268,4032,3,tDC08,藻斑病
7345_JPG.rf.55432e5e20d06e223c844917059d8ee4.jpg,3120,3120,6,tDE03,茶餅病
1458_JPG.rf.0170ad148f2c3a793737b31aaca9e4fc.jpg,4032,3024,10,tDP06,輪班病
7254_JPG.rf.431345f543386c54726e00bfac19033f.jpg,3120,3120,6,tDE03,茶餅病
1379_JPG.rf.4a591dfb1cb9a0a9f7b8bcd71a94a11f.jpg,3024,4032,3,tDC08,藻斑病
5394_JPG.rf.3eedd8469688f550060c6a0ebe844d2b.jpg,3024,4032,8,tDM04,茶髮狀病
2925_JPG.rf.84bbcff44c656542e6dc8911c8a1ccae.jpg,4032,3024,3,tDC08,藻斑病
2990_JPG.rf.d7c72c9193380f208b951801a553ed63.jpg,3024,4032,8,tDM04,茶髮狀病
2841_JPG.rf.802fb4ae69fe2543c17d506b7601f18f.jpg,4032,3024,11,tDS07,煤煙病
24998_JPG.rf.62fa579abc7cd94e06d396186609e507.jpg,3024,3024,7,tDL09,地衣
72_JPG.rf.d51b0325434c90eb5b81a7009eda53fc.jpg,2268,4032,2,tDC01,赤葉枯病
2366_JPG.rf.b3067099939a549940795de410bfe1e2.jpg,3024,4032,3,tDC08,藻斑病
2603_JPG.rf.6f4757ebf0dc505ff1b24c2d3663c88c.jpg,3024,4032,11,tDS07,煤煙病
2533_JPG.rf.77d439c258c80a1e8946bd042b450290.jpg,4032,3024,11,tDS07,煤煙病
2300_JPG.rf.8b011101858806154a3e1e223a786f99.jpg,3120,3120,10,tDP06,輪班病
5389_JPG.rf.deacab239dcba706bf5868407fc47899.jpg,3024,4032,8,tDM04,茶髮狀病
33603_JPG.rf.c872691dbf1e184b30af2f1749ffd596.jpg,3024,4032,11,tDS07,煤煙病
5366_JPG.rf.05666f1324d850099a2f6424fa144e0d.jpg,3024,4032,8,tDM04,茶髮狀病
2837_JPG.rf.f8719b33ea5fb2a2fee3869d623863db.jpg,3024,4032,11,tDS07,煤煙病
7344_JPG.rf.7069932041d85cba48321cf4983d2d79.jpg,3120,3120,6,tDE03,茶餅病
1898_JPG.rf.20e20a4311b829b4b6d14faed239ba28.jpg,2048,1365,3,tDC08,藻斑病
5547_JPG.rf.92844c27f36f748625e1b213cca39567.jpg,3120,3120,10,tDP06,輪班病
24448_JPG.rf.07bb507385763ddb911e27e05c835e51.jpg,3468,4624,5,tDE02,網餅病
3504_JPG.rf.a3abdc2343ff8eee717c77e8b4d0091a.jpg,3024,4032,6,tDE03,茶餅病
24588_JPG.rf.2e66f7698e89473a5b170a260afeec9b.jpg,3024,4032,7,tDL09,地衣
7701_JPG.rf.c12b9a82477abb32259250125d8a99e9.jpg,4032,3024,6,tDE03,茶餅病
22418_JPG.rf.fd2bd1fe9100430da6c8b634b4c8f488.jpg,3024,4032,10,tDP06,輪班病
3610_JPG.rf.6ba06ca5f5a26c27c8e95849abefce46.jpg,3024,4032,6,tDE03,茶餅病
24956_JPG.rf.7fd8496b2a857f0039f5269f26b9b8ed.jpg,3024,4032,7,tDL09,地衣
7721_JPG.rf.d876dc4e5a6e2c96ad754ee3053c4a49.jpg,3024,4032,6,tDE03,茶餅病
2287_JPG.rf.f4cd8a2d5eaa71f7c371269703c1c298.jpg,3024,4032,10,tDP06,輪班病
33166_JPG.rf.ec175c337c6ae5b4a7ebe51b489d8f9e.jpg,3024,4032,4,tDD11,枝枯病
3577_JPG.rf.63d4dd72b1bf24385e531b554c51c6ed.jpg,4032,3024,6,tDE03,茶餅病
3497_JPG.rf.af4f5e97c545824a762c2f1c6f85be64.jpg,4032,3024,6,tDE03,茶餅病
24566_JPG.rf.3106cb1fde41d5cb887f3985607ca124.jpg,3024,4032,7,tDL09,地衣
2800_JPG.rf.07f60e9b72a7468be7fc7d5d0031cdac.jpg,3024,4032,3,tDC08,藻斑病
5557_JPG.rf.2aa9d28eb1efab534eb870dba578306f.jpg,3120,3120,10,tDP06,輪班病
24455_JPG.rf.203b1c7b384f67fc4f2014b0b101ceef.jpg,3468,4624,5,tDE02,網餅病
24531_JPG.rf.4a557f9cc7eb63062a649ca7cd96d55c.jpg,3024,4032,7,tDL09,地衣
22405_JPG.rf.2113babc8625d4036719c0a2070397d4.jpg,3468,4624,10,tDP06,輪班病
2321_JPG.rf.4610052191e13d70abe6040932bfa6bf.jpg,3120,3120,10,tDP06,輪班病
1393_JPG.rf.862e59e7c03d9fd07cc80e9ab40760e5.jpg,3024,4032,3,tDC08,藻斑病
5349_JPG.rf.0a2a810d9d3296a2faa420b2909b15ef.jpg,4032,3024,8,tDM04,茶髮狀病
1850_JPG.rf.a3655cf9a227d59259ef1a724c2141ac.jpg,1478,1108,10,tDP06,輪班病
3607_JPG.rf.f5a398cfe06dd4608e58e1e4197a770a.jpg,4032,3024,6,tDE03,茶餅病
2493_JPG.rf.c559e58b916f45d4155fea2930687bc6.jpg,3024,4032,11,tDS07,煤煙病
3062_JPG.rf.8e579049333b7ce3c2553940ae83c241.jpg,3024,4032,8,tDM04,茶髮狀病
3036_JPG.rf.c96c3fbf8cd9862e3d30387e7fff644b.jpg,3024,4032,8,tDM04,茶髮狀病
3024_JPG.rf.4def6c9cc08f14837af1907b4595ef7b.jpg,3024,4032,8,tDM04,茶髮狀病
5185_JPG.rf.8c8b151591d6acb6ee940b3b600cea0b.jpg,3120,3120,8,tDM04,茶髮狀病
5319_JPG.rf.fea54ad60ad3bd61ab047ef65a1296f4.jpg,3120,3120,8,tDM04,茶髮狀病
7549_JPG.rf.17670e298727a8207135c9e850913dea.jpg,3024,4032,6,tDE03,茶餅病
1856_JPG.rf.881b5899e45cf09f5dc0780d2393e941.jpg,3024,4032,3,tDC08,藻斑病
6671_JPG.rf.b32781054a38c4944d4440c6693a9138.jpg,4624,3468,6,tDE03,茶餅病
24045_JPG.rf.eebdb7b6b0970e5ed2604e1a2a31c632.jpg,3468,4624,5,tDE02,網餅病
244_JPG.rf.cd9d713ef33b63b6b9866b16d7a42a94.jpg,3480,4640,10,tDP06,輪班病
24112_JPG.rf.719abe906073d6b3709c31d5f2b699ae.jpg,3468,4624,5,tDE02,網餅病
3303_JPG.rf.bf9d1b3586f8da487f26d9c7bb5d4c45.jpg,3024,4032,8,tDM04,茶髮狀病
2569_JPG.rf.49737e0151b17ace31f7066e7f56e317.jpg,4032,3024,3,tDC08,藻斑病
5420_JPG.rf.ede83ee30c96f12be9715e1d8d2c1366.jpg,1705,960,4,tDD11,枝枯病
5375_JPG.rf.95ecd13b8fec0126aa9a7a629dcc8d6a.jpg,3024,4032,8,tDM04,茶髮狀病
33142_JPG.rf.3b6415856236d5fbb13515847a23909c.jpg,3024,4032,4,tDD11,枝枯病
33650_JPG.rf.24de174e6e2d25101a442acf69cdcba8.jpg,3024,4032,10,tDP06,輪班病
3433_JPG.rf.eed0ed3dceb7fc4ebcfe339d28f13985.jpg,3120,3120,10,tDP06,輪班病
6649_JPG.rf.e85c9272dcc495accaef0ba912dbe950.jpg,3468,4624,6,tDE03,茶餅病
3401_JPG.rf.556ec8b027099bea0c3dfb7ff7a6d768.jpg,3468,4624,10,tDP06,輪班病
2135_JPG.rf.ede351404638e9463199328fc9a145d1.jpg,3480,4640,4,tDD11,枝枯病
7285_JPG.rf.e9b698b5269c35353039e9414daf7618.jpg,3120,3120,6,tDE03,茶餅病
5180_JPG.rf.058475beee88a445c68539012ba3a8be.jpg,3120,3120,8,tDM04,茶髮狀病
24551_JPG.rf.6f836759c4e0db382b22125956cb9c9c.jpg,3024,4032,7,tDL09,地衣
7323_JPG.rf.432af84f515534c909c26aebb4ae3855.jpg,3120,3120,6,tDE03,茶餅病
3550_JPG.rf.9daad1b4285307e86ba5d2d56a2d548f.jpg,3024,4032,6,tDE03,茶餅病
7839_JPG.rf.e6d0ad503e173a8350b3d2857e4a462d.jpg,4032,3024,6,tDE03,茶餅病
2019_JPG.rf.9fe2bd284dc0476b75fa2a39f04e6cd0.jpg,3120,3120,7,tDL09,地衣
7824_JPG.rf.4bd745afd99f16bd45cb5d186a08a895.jpg,4032,3024,6,tDE03,茶餅病
22374_JPG.rf.506f371f029917cb6d943809173d6252.jpg,3024,4032,9,tDM10,苔癬
33111_JPG.rf.0f764819100a0df100fa71c6950f129a.jpg,3024,4032,4,tDD11,枝枯病
33571_JPG.rf.8832fc4184b571807d77f6f9180b1a1b.jpg,3024,4032,2,tDC01,赤葉枯病
2252_JPG.rf.1cdc25567607d457d6838f536fe57870.jpg,3120,3120,1,tDA12,藻類
3478_JPG.rf.a9ce73bedaded28e7a1aea6a7cda3ea4.jpg,4032,3024,6,tDE03,茶餅病
2972_JPG.rf.c5f89436f994ee91098cf49a8db44100.jpg,3024,4032,8,tDM04,茶髮狀病
3424_JPG.rf.8a05f37a35412bd1eac71a9538c1cdcc.jpg,3024,4032,10,tDP06,輪班病
3233_JPG.rf.ff3fe7eb73d36ba9e7467fb3abd67f27.jpg,3024,4032,8,tDM04,茶髮狀病
3049_JPG.rf.c3b90e299652ed8acea38a9e5b783f0c.jpg,3024,4032,8,tDM04,茶髮狀病
5425_JPG.rf.45bbb0a2cd3f26902e83aa146cef3e4f.jpg,2268,4032,2,tDC01,赤葉枯病
6286_JPG.rf.d1ae4f4015c560be00d946c3bf0e1b27.jpg,2268,4032,2,tDC01,赤葉枯病
2129_JPG.rf.1a764eede2481a124fd933a71619aa37.jpg,3480,4640,4,tDD11,枝枯病
24463_JPG.rf.4e77d7145a43ae6f3d405b5adf6158f7.jpg,3468,4624,5,tDE02,網餅病
22345_JPG.rf.50ce165a2300e666726d47cbb28e0d17.jpg,3468,4624,10,tDP06,輪班病
2749_JPG.rf.20c678f10bc1933749f019371325101f.jpg,3024,4032,3,tDC08,藻斑病
2947_JPG.rf.06eac4d392ffd48dd5d637853410fe42.jpg,4032,3024,3,tDC08,藻斑病
7809_JPG.rf.bd107cfe72841c931aa3a6391c7b923f.jpg,3024,4032,6,tDE03,茶餅病
3976_JPG.rf.31fe39d02b8f4389d832b6d059a77368.jpg,3480,4640,3,tDC08,藻斑病
7335_JPG.rf.63fae7667064008e8daa861721b49e62.jpg,3120,3120,6,tDE03,茶餅病
7293_JPG.rf.272952a43a3f75b4d7cb0c9d1b9ee6a3.jpg,3120,3120,6,tDE03,茶餅病
5152_JPG.rf.93537ca4b3ab419b9346e509ce904971.jpg,3024,4032,8,tDM04,茶髮狀病
1425_JPG.rf.3b1a73c2427ba2ea9347e4a839895be0.jpg,4032,3024,10,tDP06,輪班病
1893_JPG.rf.be2c02e9c3ad55860e4d76e24087edc6.jpg,1108,1478,10,tDP06,輪班病
2337_JPG.rf.108e2e761d294088436bc93cde108eb4.jpg,3120,3120,2,tDC01,赤葉枯病
164_JPG.rf.d290c94523e51b05c80328b82df6e200.jpg,3480,4640,2,tDC01,赤葉枯病
3980_JPG.rf.dd05dc787c881483909f7812b98b5d94.jpg,3480,4640,3,tDC08,藻斑病
24312_JPG.rf.86a6a20b70d71246e32cdcb2efd96d34.jpg,3468,4624,5,tDE02,網餅病
3019_JPG.rf.fc54d2f7d7432817f17c9200492cc5cb.jpg,3024,4032,8,tDM04,茶髮狀病
7373_JPG.rf.520cc356b7c21c2cb3810503f0d1063f.jpg,3120,3120,6,tDE03,茶餅病
2362_JPG.rf.ac5754d42955b291528c12d7b16122b2.jpg,3024,4032,3,tDC08,藻斑病
33102_JPG.rf.a679360984399aa27500df4eb83ff475.jpg,3024,4032,4,tDD11,枝枯病
1366_JPG.rf.016a2aaf173a004671139478aae682a5.jpg,3024,4032,1,tDA12,藻類
3063_JPG.rf.7f6749b7ebd041d79e4776b3ed76067e.jpg,3024,4032,8,tDM04,茶髮狀病
24496_JPG.rf.a60eacd25efbae61ea487b3e11a30d38.jpg,3024,4032,7,tDL09,地衣
24516_JPG.rf.86412cc4af2da1d404436c99a022372b.jpg,3024,4032,7,tDL09,地衣
2254_JPG.rf.6f80cfda3b98515f2ac9cbf9835239c0.jpg,3120,3120,1,tDA12,藻類
3360_JPG.rf.342bcb3a22919ffd8b9deff0c950f4e1.jpg,3120,3120,10,tDP06,輪班病
3586_JPG.rf.76b5d39ba0ed9552c14fd969b1e0f400.jpg,4032,3024,6,tDE03,茶餅病
3137_JPG.rf.18af3f6611c2ecd2252bee3590de7e17.jpg,3024,4032,8,tDM04,茶髮狀病
6774_JPG.rf.dcde4fe497b3c68f20b8bcfe4d3ef8bc.jpg,4032,3024,6,tDE03,茶餅病
2137_JPG.rf.9fab7899c1fff32eddb1d3a37a76d172.jpg,3480,4640,4,tDD11,枝枯病
174_JPG.rf.d3be3628ed610c5ab26317fc0ddbe47e.jpg,3480,4640,4,tDD11,枝枯病
2006_JPG.rf.cc1ce4bd3010b751d0212ac87ed616c0.jpg,3480,4640,2,tDC01,赤葉枯病
24052_JPG.rf.cbe396a4e4c90cbfd76a16fa7fc2fc63.jpg,3468,4624,5,tDE02,網餅病
1928_JPG.rf.a913551b01fc04728c0a6ca8b0f48dd2.jpg,1365,2048,3,tDC08,藻斑病
2305_JPG.rf.71de3ab8c5e3d1702760bea75699014e.jpg,3120,3120,10,tDP06,輪班病
1940_JPG.rf.37fd17e781fe8a471833b59de28fcd5a.jpg,1478,1108,3,tDC08,藻斑病
2967_JPG.rf.5c387313be7c0f6083d134baee9a5323.jpg,3024,4032,8,tDM04,茶髮狀病
33773_JPG.rf.4640e19eaea6597c9429b9c9e25feaf2.jpg,3024,4032,7,tDL09,地衣
37_JPG.rf.f4ef415381e3dc2317a51591a70ff6cc.jpg,2268,4032,2,tDC01,赤葉枯病
7367_JPG.rf.18967434a9cf8824a318afb9b05e8060.jpg,3120,3120,6,tDE03,茶餅病
7557_JPG.rf.0cc05aa060b2b1c1df92eb90b469acaf.jpg,3024,4032,6,tDE03,茶餅病
1837_JPG.rf.d3069f4f316a35207c6b3058d034034c.jpg,2048,1365,10,tDP06,輪班病
2418_JPG.rf.c1ef0d545492e457686739da6503e773.jpg,3120,3120,3,tDC08,藻斑病
2444_JPG.rf.c784d6f8b79bfb5a8c2bdc547139203c.jpg,3024,4032,3,tDC08,藻斑病
7700_JPG.rf.6db884a2437a1a7bcbe7e9b8e31d5a5c.jpg,4032,3024,6,tDE03,茶餅病
7170_JPG.rf.d06d8e742df1768b9275a761a8b1f132.jpg,3024,4032,6,tDE03,茶餅病
3505_JPG.rf.d6e97fe0f871f005165a9b452242a7d0.jpg,3024,4032,6,tDE03,茶餅病
2807_JPG.rf.298371a1407ddd89ed699c8590cc20fb.jpg,3024,4032,11,tDS07,煤煙病
2859_JPG.rf.d8ba77097486761902e8d8984e4e4066.jpg,3024,4032,11,tDS07,煤煙病
24989_JPG.rf.78282dc6e5f2ab2292b51e093fe140a7.jpg,3024,3024,7,tDL09,地衣
24988_JPG.rf.3aac0467826e0aa5984cf36f311e8209.jpg,3024,3024,7,tDL09,地衣
3638_JPG.rf.07fd3d88fe46be8954c0b71928aff2fa.jpg,4032,3024,6,tDE03,茶餅病
7734_JPG.rf.02a09628125252108e4e44ae45f2f185.jpg,4032,3024,6,tDE03,茶餅病
24079_JPG.rf.b26677fcbce22efe6f901cce023949f2.jpg,3468,4624,5,tDE02,網餅病
2389_JPG.rf.2bfae85c8a03cb17e48270d8bc2597c1.jpg,3024,4032,3,tDC08,藻斑病
7615_JPG.rf.6377f39191276aeb3bd0b281f29f66fd.jpg,3024,4032,6,tDE03,茶餅病
2124_JPG.rf.de741e0ce82ac25a46bb141370186a48.jpg,3480,4640,2,tDC01,赤葉枯病
5327_JPG.rf.e033fc5e3c4bedb9d52e6bf45b8ac620.jpg,3120,3120,8,tDM04,茶髮狀病
3543_JPG.rf.f9b01ab22ee078bdfe72dcaf7ba1ad74.jpg,3024,4032,6,tDE03,茶餅病
1802_JPG.rf.5b211307d206e2b9db1f008f1e6f4d3f.jpg,1365,2048,2,tDC01,赤葉枯病
5439_JPG.rf.11aa2814a05acf44b00d0f6cb99213fe.jpg,2268,4032,7,tDL09,地衣
1935_JPG.rf.0009fec821a461a86f3aeacdaf69952e.jpg,1365,2048,3,tDC08,藻斑病
3301_JPG.rf.59bda182850453e97241df5fab92e01b.jpg,3024,4032,8,tDM04,茶髮狀病
1858_JPG.rf.34e34e41d96cfcd836b8d69d8eefbae8.jpg,3024,4032,3,tDC08,藻斑病
24499_JPG.rf.c0fc4b889962cb2261de53dc70fee97d.jpg,3024,4032,7,tDL09,地衣
2629_JPG.rf.52bdadd69c0f420c76dc355c31e183e9.jpg,3024,4032,11,tDS07,煤煙病
1411_JPG.rf.0d71ed7a15aeee3e47c582e09c3b6d47.jpg,3024,4032,10,tDP06,輪班病
1821_JPG.rf.04796a4ab9c3962ecb899ffda9cd09a1.jpg,3024,4032,10,tDP06,輪班病
24083_JPG.rf.313cc731ba19155d12931485e4e4a7dd.jpg,3468,4624,5,tDE02,網餅病
2944_JPG.rf.afe87e189833b07d204777ffffb33e09.jpg,4032,3024,3,tDC08,藻斑病
144_JPG.rf.30147f8230666ca364a218f86094de96.jpg,2268,4032,4,tDD11,枝枯病
3907_JPG.rf.d3241ab8c363474e683e9e796323a904.jpg,3480,4640,2,tDC01,赤葉枯病
3298_JPG.rf.aabffc3456022d728c267e42e52b3f47.jpg,3024,4032,8,tDM04,茶髮狀病
2951_JPG.rf.32e37aec6ff3881a9e0a45817bb6290c.jpg,3024,4032,8,tDM04,茶髮狀病
33154_JPG.rf.d859bdde50b8079247cd2430861061af.jpg,3024,4032,4,tDD11,枝枯病
1973_JPG.rf.d22a7456c1c7985846794600b7302c7c.jpg,3024,4032,7,tDL09,地衣
1407_JPG.rf.0ef1dc03c55209fbd796797fd62d3bdc.jpg,4032,3024,3,tDC08,藻斑病
6340_JPG.rf.b03bfc250c6bfd10e4eaa4028d27d256.jpg,2268,4032,2,tDC01,赤葉枯病
6742_JPG.rf.473ac2b32476222ecdd323f6a75d0a2a.jpg,4032,3024,6,tDE03,茶餅病
3162_JPG.rf.1e1b9d9d1d1fc23b95ade0bf6a0cedc6.jpg,3024,4032,8,tDM04,茶髮狀病
2962_JPG.rf.d327e6d70511e41723020ad0c2cb52f2.jpg,3024,4032,8,tDM04,茶髮狀病
24954_JPG.rf.ff0b22646a2d563e23c73726d68f3373.jpg,3024,4032,7,tDL09,地衣
2368_JPG.rf.e44ccac18fe265a74f67404a476d5cd5.jpg,3024,4032,3,tDC08,藻斑病
33136_JPG.rf.283af45f913e0b0018a571304c08b03f.jpg,3024,4032,4,tDD11,枝枯病
5205_JPG.rf.bf2cff24aaed7acea77584f92da5787e.jpg,3120,3120,8,tDM04,茶髮狀病
7718_JPG.rf.39015adf3a465f99d3a8ca2f55536c67.jpg,4032,3024,6,tDE03,茶餅病
6731_JPG.rf.85b3cae86cb661582f803f70c6dc9ab8.jpg,4032,3024,6,tDE03,茶餅病
3450_JPG.rf.2071f64cc8aa59a5fbb4ef0518683e13.jpg,3024,4032,6,tDE03,茶餅病
1774_JPG.rf.800ac4adaa7fb05b3e35861058f9f47f.jpg,1478,1108,4,tDD11,枝枯病
3221_JPG.rf.7e9dac63fbcabbefdd667543cbaa84b2.jpg,3024,4032,8,tDM04,茶髮狀病
5356_JPG.rf.1dcf2197efb94736a3f4f7087de9eaa1.jpg,4032,3024,8,tDM04,茶髮狀病
5127_JPG.rf.cbd4793aed5b97beea9b66d76ad30543.jpg,3024,4032,8,tDM04,茶髮狀病
2277_JPG.rf.b38cecc066c9a71de2d254830d1010f3.jpg,3024,4032,10,tDP06,輪班病
33575_JPG.rf.7df0c9c43b446e998cc9c6168b4a2230.jpg,3024,4032,10,tDP06,輪班病
2913_JPG.rf.747be063a573119075fea51957889c5f.jpg,3024,4032,3,tDC08,藻斑病
1983_JPG.rf.362ed2ab810612d39fe00bc6f1a8c187.jpg,3024,4032,7,tDL09,地衣
2303_JPG.rf.7d54eff502d197d93537630448c8e2b0.jpg,3120,3120,10,tDP06,輪班病
22371_JPG.rf.f538f284761ed3dde1088764104672c1.jpg,3024,4032,3,tDC08,藻斑病
4585_JPG.rf.0265036feb60aef22ba507ecb0242a20.jpg,2268,4032,2,tDC01,赤葉枯病
3601_JPG.rf.4d345644a4ee98582edac8b2f47a9f81.jpg,3024,4032,6,tDE03,茶餅病
22443_JPG.rf.1014059ff9f8f9ca604537b9bc6ac38b.jpg,3024,4032,10,tDP06,輪班病
3804_JPG.rf.4d22753fe9c78038a3c8ab70b5dcaa1d.jpg,3480,4640,3,tDC08,藻斑病
7820_JPG.rf.f0254f4d1f4c170c5665e2e4cf4cbd75.jpg,3024,4032,6,tDE03,茶餅病
3347_JPG.rf.ab76a5a3ea1d0514f4c76f887b67da26.jpg,3120,3120,2,tDC01,赤葉枯病
4646_JPG.rf.382f51df26e7424678f95ec24b38c089.jpg,2268,4032,2,tDC01,赤葉枯病
7359_JPG.rf.a5595700caddf6bb561b4a6d18de9ec3.jpg,3120,3120,6,tDE03,茶餅病
7813_JPG.rf.d87a089eb4bf593ae11669f1f13c00a1.jpg,3024,4032,6,tDE03,茶餅病
33638_JPG.rf.f22c3a3066546cb12badb0e406db5166.jpg,3024,4032,11,tDS07,煤煙病
3599_JPG.rf.726e95ae0a1864e46b94ae82d66008e6.jpg,3024,4032,6,tDE03,茶餅病
5537_JPG.rf.d2cc06b269297593ecca2ba2ff2179ac.jpg,3120,3120,2,tDC01,赤葉枯病
3242_JPG.rf.63e9fcc75fd4cc05eeb8334734df7bf4.jpg,3024,4032,8,tDM04,茶髮狀病
22422_JPG.rf.79a8d506473c4bab1d002b602c8fae5c.jpg,3024,4032,10,tDP06,輪班病
7363_JPG.rf.5621399abffcdc406986386b00c623ce.jpg,3120,3120,6,tDE03,茶餅病
7605_JPG.rf.2a970582aa4ac927963e4a4138a2f32d.jpg,3024,4032,6,tDE03,茶餅病
22471_JPG.rf.b93021e994d8b76dadb5d4c5f729bf8c.jpg,3468,4624,7,tDL09,地衣
2758_JPG.rf.8b4163b5c2595140d76e82a35cc3ce91.jpg,3024,4032,3,tDC08,藻斑病
24306_JPG.rf.95b94a7852a6c32e34514e7f8442917e.jpg,3468,4624,5,tDE02,網餅病
5291_JPG.rf.8d9ad965a848b45a1b2b46318e4e8ab4.jpg,3120,3120,8,tDM04,茶髮狀病
6293_JPG.rf.53d0dfe69a8fdd214c04e0e435e8435b.jpg,2268,4032,8,tDM04,茶髮狀病
1795_JPG.rf.0e021afab39b37db510ffb9980be0741.jpg,1365,2048,2,tDC01,赤葉枯病
1833_JPG.rf.4f51fe58bbf8b3fa8c4f6b46ac4e32b1.jpg,2048,1365,10,tDP06,輪班病
33087_JPG.rf.95cf0beda3b447b92e275cd398f7f08d.jpg,3024,4032,4,tDD11,枝枯病
225_JPG.rf.32790a77650e378dddadd1cf572b3d34.jpg,2268,4032,2,tDC01,赤葉枯病
24418_JPG.rf.e53f80fa7aa99f1b8a1f98ccea6e12d5.jpg,3468,4624,5,tDE02,網餅病
33098_JPG.rf.26018a2ee88f9da30cb525ee0a53f067.jpg,3024,4032,4,tDD11,枝枯病
2455_JPG.rf.707b2381703a1b411b07882041896544.jpg,3024,4032,11,tDS07,煤煙病
5125_JPG.rf.ba64612e4a3efd0ae178096628875fae.jpg,3024,4032,8,tDM04,茶髮狀病
6754_JPG.rf.886db8136c0ec96d05f99658f6959e6d.jpg,4032,3024,6,tDE03,茶餅病
2720_JPG.rf.2fc59ad2f56fa12a42b93c4bc6cb0f0f.jpg,3024,4032,10,tDP06,輪班病
1917_JPG.rf.d189d4cd474d3bbf585a50a30d5f6459.jpg,1365,2048,3,tDC08,藻斑病
33572_JPG.rf.c6c74de0086968ea838d4e3bd2d57bc5.jpg,3024,4032,2,tDC01,赤葉枯病
33588_JPG.rf.7ec0f3d1498e8c339d0efa75551346de.jpg,3024,4032,10,tDP06,輪班病
7182_JPG.rf.c3cb9aece213308f1b4220f1bbbf2bb4.jpg,3024,4032,6,tDE03,茶餅病
33146_JPG.rf.6af9b3d28bdfebec98e6ad5aef37235d.jpg,3024,4032,4,tDD11,枝枯病
5388_JPG.rf.7aa84f85b53356119d6443eac3bcec51.jpg,3024,4032,8,tDM04,茶髮狀病
6684_JPG.rf.0a1942e3ca6bc9e7b500c2160fbf78a6.jpg,3468,4624,6,tDE03,茶餅病
3623_JPG.rf.752a099ae6fad62bcfa2762bf00a3e07.jpg,4032,3024,6,tDE03,茶餅病
95_JPG.rf.e97ec2352b917ba4ac48285e2334cfe5.jpg,2268,4032,4,tDD11,枝枯病
7708_JPG.rf.b18b19a9ecfdc66369d62e3ebc378ec7.jpg,3024,4032,6,tDE03,茶餅病
22459_JPG.rf.56c3837bd91183b7914eb80efe3f8e61.jpg,3024,3024,10,tDP06,輪班病
5409_JPG.rf.e4fbf7fabbfaf4515e23fd7b232eb1d8.jpg,2268,4032,2,tDC01,赤葉枯病
33596_JPG.rf.3c21ff7247b7dc7d518435eec34b29dd.jpg,3024,4032,10,tDP06,輪班病
7173_JPG.rf.179a4fac6e1423520c33057d032fae46.jpg,4032,3024,6,tDE03,茶餅病
2833_JPG.rf.aee159d5329820edbc744f374a9afefc.jpg,3024,4032,11,tDS07,煤煙病
33651_JPG.rf.7cac12b0c95b66f34dfaad930013f24c.jpg,3024,4032,10,tDP06,輪班病
33703_JPG.rf.220d5fcfcd44a285e47c856f8f8e828f.jpg,3024,4032,10,tDP06,輪班病
22417_JPG.rf.7d478c10285a9a1faa153ff94de3a1b4.jpg,3024,4032,10,tDP06,輪班病
1934_JPG.rf.a0aaefdd8e5bfbdb820ea58086545d1c.jpg,1365,2048,3,tDC08,藻斑病
3534_JPG.rf.65aab8bd31e0ad02c38e9dd8af7bcd5e.jpg,3024,4032,6,tDE03,茶餅病
5536_JPG.rf.f3f43dba910933299ce5d8e65a04a81b.jpg,3120,3120,10,tDP06,輪班病
5135_JPG.rf.112548f83d8af6b0b340878d2a0ed2a3.jpg,3024,4032,8,tDM04,茶髮狀病
7703_JPG.rf.b9d3b122f390b9daaae85d7151f2ca5c.jpg,4032,3024,6,tDE03,茶餅病
2352_JPG.rf.ee8734cdc1bbcad103146b80ffa7812a.jpg,3024,4032,3,tDC08,藻斑病
33645_JPG.rf.dc53d36a547b939e626fe963a69539cb.jpg,3024,4032,2,tDC01,赤葉枯病
3982_JPG.rf.15ccaaaa84303d230102ac5f6e099bda.jpg,3480,4640,3,tDC08,藻斑病
5227_JPG.rf.cab6dd20939e23806a0023a10709f78a.jpg,3120,3120,8,tDM04,茶髮狀病
1953_JPG.rf.d3c0dc92b93398ec2361f550827d09c7.jpg,1478,1108,3,tDC08,藻斑病
1881_JPG.rf.62980d0a11a370e496e1337b729669b0.jpg,3024,4032,3,tDC08,藻斑病
7302_JPG.rf.58272edc639806d698ffc64f84842a95.jpg,3120,3120,6,tDE03,茶餅病
2786_JPG.rf.fb415920f5741b267cc64c312baefc30.jpg,3024,4032,3,tDC08,藻斑病
24511_JPG.rf.979aeb42d0a6aee32c9a412c3eeb5e13.jpg,3024,4032,7,tDL09,地衣
5146_JPG.rf.96a62f07a778914b3a28a5203d28a724.jpg,3024,4032,8,tDM04,茶髮狀病
2764_JPG.rf.1d15d7086d3e09be844d9fd8fa8e05cc.jpg,3024,4032,3,tDC08,藻斑病
33600_JPG.rf.aa9ee56ebb7de4bdeb4b9156464954aa.jpg,3024,4032,11,tDS07,煤煙病
33634_JPG.rf.561e4f2764df3308a1f8b1c04f0a2166.jpg,3024,4032,7,tDL09,地衣
7620_JPG.rf.89df4082542627ae0d586adaa246f958.jpg,3024,4032,6,tDE03,茶餅病
2558_JPG.rf.00214a697d13758b85950c8657ecc2f8.jpg,3024,4032,11,tDS07,煤煙病
33610_JPG.rf.8dc3c71d90a43368801eda79038b7840.jpg,3024,4032,10,tDP06,輪班病
24526_JPG.rf.c9226ff2bee1c8530216461c388c3cb0.jpg,3024,4032,7,tDL09,地衣
3245_JPG.rf.cad053791c0e61ecd4b0c8d86892c639.jpg,3024,4032,8,tDM04,茶髮狀病
4614_JPG.rf.1a80bb63340394702a167db2b82e6273.jpg,2268,4032,2,tDC01,赤葉枯病
7261_JPG.rf.c473ec44dc04742dfe8a7b3029c5ab99.jpg,3120,3120,6,tDE03,茶餅病
7816_JPG.rf.6b3c55265011e1fc836e5f63cbc22db7.jpg,3024,4032,6,tDE03,茶餅病
2239_JPG.rf.bd29c7d1db8b35c4370d9bc853203591.jpg,3024,4032,1,tDA12,藻類
7277_JPG.rf.fa607711bdeaf741a155c4a0d639c2c8.jpg,3120,3120,6,tDE03,茶餅病
22461_JPG.rf.c484b19da27b5b97818c427ccf018b59.jpg,3024,3024,10,tDP06,輪班病
2398_JPG.rf.4fb8e2ca24be524f3476845afda6808e.jpg,3024,4032,3,tDC08,藻斑病
24075_JPG.rf.cf0b0bf1a8d10b937da1f7860434267e.jpg,3468,4624,5,tDE02,網餅病
1941_JPG.rf.3ca826c2b2af6773bd7b1fb50769f453.jpg,1478,1108,3,tDC08,藻斑病
2478_JPG.rf.41adecaed2e0c8050f6f774caca91018.jpg,3024,4032,11,tDS07,煤煙病
5400_JPG.rf.7ef3d07f7ef3d965d1df7904af93f767.jpg,2268,4032,2,tDC01,赤葉枯病
6292_JPG.rf.8f1844c0de0999ecc3a2cf0c6dbb4813.jpg,2268,4032,8,tDM04,茶髮狀病
33118_JPG.rf.be20db0f456397d97529e3dc8f7ea51d.jpg,3024,4032,4,tDD11,枝枯病
33755_JPG.rf.24642a605bfb4702396d9744a9e19296.jpg,3024,4032,7,tDL09,地衣
6702_JPG.rf.994166803c52da411d5e82059e0b457d.jpg,4624,3468,6,tDE03,茶餅病
170_JPG.rf.547d8e6d87befbe89fd7a292e7da6a63.jpg,3480,4640,2,tDC01,赤葉枯病
3576_JPG.rf.d64364fc68141ca3f892e815c54a7c31.jpg,3024,4032,6,tDE03,茶餅病
3216_JPG.rf.e8e6386acbfe9427830bc6abf1ba1bf2.jpg,3024,4032,8,tDM04,茶髮狀病
5228_JPG.rf.eb249564588c8b867d255e7ad2a24563.jpg,3120,3120,8,tDM04,茶髮狀病
33158_JPG.rf.b6a1dcb782d9480309d9dab87b00f9a0.jpg,3024,4032,4,tDD11,枝枯病
7819_JPG.rf.bd9e8f256eee8460c5620ac896188e82.jpg,3024,4032,6,tDE03,茶餅病
24948_JPG.rf.bfd9bff21e06729dd0b7de5bf0efdcd4.jpg,3024,4032,7,tDL09,地衣
24980_JPG.rf.67d1d03ce3e4705e31d5a79886091c2f.jpg,3024,4032,7,tDL09,地衣
5189_JPG.rf.e3eaa633be6b94c21fa3477d0e9c0664.jpg,3120,3120,8,tDM04,茶髮狀病
3358_JPG.rf.05bcaab06dfdcb9713514fa4b0e7d2a7.jpg,3120,3120,10,tDP06,輪班病
7351_JPG.rf.3291c25e80b03b34f35511050873f71a.jpg,3120,3120,6,tDE03,茶餅病
1961_JPG.rf.82fd2b61782633bfa7743b194ec3afa4.jpg,3120,3120,7,tDL09,地衣
5170_JPG.rf.8371150d448b170b7eab67adad8ac21c.jpg,3120,3120,8,tDM04,茶髮狀病
5392_JPG.rf.c3ed5ced17ec7ff4c4ef93f5bb6f2a46.jpg,3024,4032,8,tDM04,茶髮狀病
2359_JPG.rf.693ed3f54a615626093e31e63adc4f8b.jpg,3024,4032,3,tDC08,藻斑病
24372_JPG.rf.07fc13e6a3f57e5e320e16131432dce4.jpg,3468,4624,5,tDE02,網餅病
22451_JPG.rf.f8c723284921b88de8fd5c0dcaac562c.jpg,3024,4032,10,tDP06,輪班病
7584_JPG.rf.091fb80240ffe0d0f6e5999dc8c51ce8.jpg,4032,3024,6,tDE03,茶餅病
2279_JPG.rf.981605dde5ca56adbc778e06300b25d0.jpg,3024,4032,10,tDP06,輪班病
33750_JPG.rf.e76c1143b2f9da1d6b20511f06a362a2.jpg,3024,4032,7,tDL09,地衣
24102_JPG.rf.85eeba7d4d2b02f82dad7d1efb92aa0e.jpg,3468,4624,5,tDE02,網餅病
7252_JPG.rf.4f9ee5c9f4c11e8dae9980d3253f9d68.jpg,3120,3120,6,tDE03,茶餅病
5131_JPG.rf.38a0a64c402856f1065a3494134500e1.jpg,3024,4032,8,tDM04,茶髮狀病
7726_JPG.rf.9e066137412c13e476be3aaa61821e8f.jpg,4032,3024,6,tDE03,茶餅病
1819_JPG.rf.a4cd62edfee233fcf9ee0b696c25d640.jpg,3024,4032,10,tDP06,輪班病
24105_JPG.rf.ec0f44e2c9c3f5574d4b37a02fad8875.jpg,3468,4624,5,tDE02,網餅病
4586_JPG.rf.da68065749d19e6db9d54b3c951db106.jpg,2268,4032,2,tDC01,赤葉枯病
2268_JPG.rf.24642552257f6e25eceb6bbcf372d870.jpg,3120,3120,1,tDA12,藻類
5128_JPG.rf.87922852c8d6d93ca5d04e6197e97250.jpg,3024,4032,8,tDM04,茶髮狀病
24996_JPG.rf.b9d622495d0279bbae03cff69d4f662f.jpg,3024,3024,7,tDL09,地衣
3223_JPG.rf.130b88cb05ef728baa76273509ad6103.jpg,3024,4032,8,tDM04,茶髮狀病
22344_JPG.rf.e4702e659e51d2f7da4e9237f59e9d96.jpg,3468,4624,10,tDP06,輪班病
7336_JPG.rf.e1f4d5054579da8b091b2ad2977f7ca3.jpg,3120,3120,6,tDE03,茶餅病
25017_JPG.rf.61a97da631877774a43829bd0837fe19.jpg,3024,3024,7,tDL09,地衣
24528_JPG.rf.28e1855f79f6adab88a420c3834dab3b.jpg,3024,4032,7,tDL09,地衣
2575_JPG.rf.dee67bce96a88c70f6d53dd1648cc1fd.jpg,3024,4032,11,tDS07,煤煙病
7274_JPG.rf.542313950b65295defef59546192bb55.jpg,3120,3120,6,tDE03,茶餅病
33114_JPG.rf.b620f84b8b98acf7778f074c625d6227.jpg,3024,4032,4,tDD11,枝枯病
24381_JPG.rf.0baf4ba3077e99d7c8c8510f12d0a9a6.jpg,3468,4624,5,tDE02,網餅病
24600_JPG.rf.0adfbf0a9f6a12429e6f755d54459830.jpg,3024,4032,7,tDL09,地衣
22497_JPG.rf.11a9a85229afa5c98da049aba885c853.jpg,3468,4624,7,tDL09,地衣
3790_JPG.rf.ba22338d43f386583a7df17054da2f0a.jpg,3480,4640,3,tDC08,藻斑病
33159_JPG.rf.943e036c38d683c9f90d1e7be870db45.jpg,3024,4032,4,tDD11,枝枯病
24335_JPG.rf.15091ddb502b92d35345c5812603bf99.jpg,3468,4624,5,tDE02,網餅病
5373_JPG.rf.8ec69a718eee23e9f2fa1704fb67b460.jpg,4032,3024,8,tDM04,茶髮狀病
7607_JPG.rf.b2b13a0faa1e26a7cba919604f4079df.jpg,3024,4032,6,tDE03,茶餅病
6269_JPG.rf.181e99540c656fa91f6f9667a6c1f786.jpg,2268,4032,2,tDC01,赤葉枯病
6770_JPG.rf.aecf9f48821c5cb32ba9782e2f9adb73.jpg,4032,3024,6,tDE03,茶餅病
7353_JPG.rf.35f5b929d752aea728db96e514f2d801.jpg,3120,3120,6,tDE03,茶餅病
7365_JPG.rf.6250b7bad449b8af32f262df077b8c3e.jpg,3120,3120,6,tDE03,茶餅病
6728_JPG.rf.317a44b611f85e13ea2a06692e46b0b4.jpg,3024,4032,6,tDE03,茶餅病
22419_JPG.rf.e7e5a45a9cbbd5ba6736a5d318425516.jpg,3024,4032,10,tDP06,輪班病
33093_JPG.rf.2f38e778052478d94a57b0a81ffa7159.jpg,3024,4032,4,tDD11,枝枯病
2467_JPG.rf.6208255a30d198d1e2c84a1e5dae3661.jpg,3024,4032,11,tDS07,煤煙病
7346_JPG.rf.ae7d2c1fbd8f511b12fe62dffc650fb3.jpg,3120,3120,6,tDE03,茶餅病
1787_JPG.rf.561cf43ef12cb24f461d98488a289f73.jpg,3024,4032,2,tDC01,赤葉枯病
2863_JPG.rf.8bc3af8e4f097bdf8d3c2b4077e45356.jpg,4032,3024,3,tDC08,藻斑病
7565_JPG.rf.017e0a3dba8cfb4821785d2b61def623.jpg,4032,3024,6,tDE03,茶餅病
22437_JPG.rf.f7fef093730913210e208012d497edde.jpg,3024,4032,10,tDP06,輪班病
7608_JPG.rf.29388f47429616a8067bd7feadc933fc.jpg,3024,4032,6,tDE03,茶餅病
3361_JPG.rf.08cd7688bf257c3a3fc0d97ef5e7f0ff.jpg,3120,3120,10,tDP06,輪班病
7262_JPG.rf.45ece95b2dd228b709dbfc10b2dc5f11.jpg,3120,3120,6,tDE03,茶餅病
2383_JPG.rf.73072d98f25d608db4984ef407ef8219.jpg,3024,4032,3,tDC08,藻斑病
33152_JPG.rf.f8f14663ea1ea0937a3505e01532690c.jpg,3024,4032,4,tDD11,枝枯病
22498_JPG.rf.0b0257e13cf2c39d0f985c76035028d2.jpg,3468,4624,7,tDL09,地衣
1727_JPG.rf.b2d6181437370d47574acdaa6a0396af.jpg,3024,4032,7,tDL09,地衣
2810_JPG.rf.0edede26bc5f651a99f3b5cfbbfbf2a3.jpg,3024,4032,3,tDC08,藻斑病
5350_JPG.rf.67f9f7264fa3e54374c47319eed0f39e.jpg,4032,3024,8,tDM04,茶髮狀病
24436_JPG.rf.bde56b95a43af6d2a9728b3e4d6b3a68.jpg,3468,4624,5,tDE02,網餅病
24457_JPG.rf.162e0e2a3cae7cb381189c341aba8d51.jpg,3468,4624,5,tDE02,網餅病
3958_JPG.rf.33f4171b9565b4df0434d0e7136fb096.jpg,3480,4640,3,tDC08,藻斑病
3937_JPG.rf.650ba272576b0a36dc28f78dbbc99f01.jpg,3480,4640,3,tDC08,藻斑病
33637_JPG.rf.fcad58eface4ca2f9b3bfe0187320801.jpg,3024,4032,7,tDL09,地衣
22355_JPG.rf.2defb026dd3dc6ba3ed83ac6d47b5656.jpg,3468,4624,10,tDP06,輪班病
33099_JPG.rf.4948a8612b558a1b55a697fac5b19c39.jpg,3024,4032,4,tDD11,枝枯病
3458_JPG.rf.f9b8454849e1b120efa3b253ddefa082.jpg,4032,3024,6,tDE03,茶餅病
1729_JPG.rf.ab9949cb8575dc4c066ada8db9fad7ec.jpg,3024,4032,7,tDL09,地衣
24971_JPG.rf.142cafe00955e7995a078f5063bc6bb7.jpg,3024,4032,7,tDL09,地衣
3027_JPG.rf.5895aa77cdcaa9f0a8532af279dffb43.jpg,3024,4032,8,tDM04,茶髮狀病
2544_JPG.rf.5a61befe77f980824ac21c81c7c6d410.jpg,4032,3024,11,tDS07,煤煙病
7619_JPG.rf.a656321fa4b23c4b9c8e1d1a9413844d.jpg,4032,3024,6,tDE03,茶餅病
7168_JPG.rf.ae7ee1dc01e6b0b42cd7d740fd7b3a4c.jpg,3024,4032,6,tDE03,茶餅病
2586_JPG.rf.1d7353138d626054ff62048a197dc040.jpg,3024,4032,11,tDS07,煤煙病
1882_JPG.rf.45acb59ff824658f6a9a334abef279f0.jpg,3024,4032,3,tDC08,藻斑病
1734_JPG.rf.5ec5f5786dba9fd38c5a7d0ca1b1144d.jpg,3024,4032,7,tDL09,地衣
26767_JPG.rf.c1a51f0db2421f64de4bd3922ec09898.jpg,3468,4624,6,tDE03,茶餅病
6655_JPG.rf.09c89876eea1cf241d200d906c46d4c6.jpg,3468,4624,6,tDE03,茶餅病
6681_JPG.rf.e821efe10d397cc683cd8afe1d1e4f78.jpg,3468,4624,6,tDE03,茶餅病
2554_JPG.rf.3ab97e471471cb37049975e9962131e6.jpg,4032,3024,11,tDS07,煤煙病
6366_JPG.rf.30e90d6c6b01f2094a39b386fde1f428.jpg,2268,4032,2,tDC01,赤葉枯病
4676_JPG.rf.cf987a08b5dc135494b9cbeb59cf56b0.jpg,2268,4032,2,tDC01,赤葉枯病
1827_JPG.rf.ce201cf4cbb8e790c5d1ff31cf35610f.jpg,3024,4032,10,tDP06,輪班病
24645_JPG.rf.f85c99ec65d2603ce339b9cdf639944b.jpg,3024,4032,7,tDL09,地衣
2927_JPG.rf.e03d47dd0e588c51664783ce3517bb0b.jpg,3024,4032,3,tDC08,藻斑病
33106_JPG.rf.69f2b44f154c08ddc9847f77a5abb62b.jpg,3024,4032,4,tDD11,枝枯病
2033_JPG.rf.b34d48f528f47562b998b8b54b664dd0.jpg,3120,3120,7,tDL09,地衣
3948_JPG.rf.57105cbed5aefa5f3f828dd995ccda7f.jpg,3480,4640,3,tDC08,藻斑病
1959_JPG.rf.daa89111c806108544b607446772c6fa.jpg,3024,4032,9,tDM10,苔癬
2233_JPG.rf.0b21b3d4cdf97356a762348786a41a7b.jpg,3120,3120,2,tDC01,赤葉枯病
5147_JPG.rf.6fc5bf5be1b2993c07adfd4fbc15434f.jpg,3024,4032,8,tDM04,茶髮狀病
2379_JPG.rf.b457f7300b0305570894cd9cd4d322f0.jpg,3024,4032,3,tDC08,藻斑病
3644_JPG.rf.2892fcad3a07ad98582b041aeacdc4a2.jpg,4032,3024,6,tDE03,茶餅病
1416_JPG.rf.65f81bc56c21e20d42ebc4c4dbc2db0d.jpg,4032,3024,10,tDP06,輪班病
5385_JPG.rf.6d51b1ea5625791f5c901e652bf6250d.jpg,4032,3024,8,tDM04,茶髮狀病
7324_JPG.rf.7f11851207d91205390a12a8e9dcff1f.jpg,3120,3120,6,tDE03,茶餅病
2672_JPG.rf.ebb4945cb1c8efbad8ff870c6ac8cb64.jpg,3120,3120,11,tDS07,煤煙病
7162_JPG.rf.b4b8ab5b2cf98d2b24f94fcdb8c1783b.jpg,3024,4032,6,tDE03,茶餅病
2281_JPG.rf.3cba111c8f817fcecb7c95d899288927.jpg,3024,4032,10,tDP06,輪班病
2615_JPG.rf.339531ea26ced18c970c7465f08b96b9.jpg,3024,4032,11,tDS07,煤煙病
33143_JPG.rf.e92eca07849dfe31120a6c923a059687.jpg,3024,4032,4,tDD11,枝枯病
24041_JPG.rf.b266d027be69d0389261f58bb09996a8.jpg,3468,4624,5,tDE02,網餅病
3798_JPG.rf.80ca4c445c3fc4e7d98251568ed652e1.jpg,3480,4640,3,tDC08,藻斑病
1737_JPG.rf.eead86946ed224fc37b1b5129526bbca.jpg,3024,4032,7,tDL09,地衣
24339_JPG.rf.01a9969505c01b465372cbbbe7d789df.jpg,3468,4624,5,tDE02,網餅病
3270_JPG.rf.c47aaa5e82eeb0576d046a951146aeb3.jpg,3024,4032,8,tDM04,茶髮狀病
1826_JPG.rf.901043cc7d26c1522232a57f915b3f17.jpg,3024,4032,10,tDP06,輪班病
5203_JPG.rf.ead1ac410a6029aaaa127aaf6159b670.jpg,3120,3120,8,tDM04,茶髮狀病
3029_JPG.rf.8626eece169778a1c9bd2e3fcbf766bc.jpg,3024,4032,8,tDM04,茶髮狀病
33109_JPG.rf.e3c20640e7d837d6d8563d02b2bda349.jpg,3024,4032,4,tDD11,枝枯病
22466_JPG.rf.e377ce0a2833654ebb9b07dd8d8f8a4f.jpg,3468,4624,7,tDL09,地衣
24419_JPG.rf.21f381eaffd7fbc101e026bf4143d261.jpg,3468,4624,5,tDE02,網餅病
33731_JPG.rf.9f42994643a6e2530e84aba052cff60f.jpg,3024,4032,7,tDL09,地衣
2855_JPG.rf.892d14ccad611cf6c610b985d5ce0cfa.jpg,3024,4032,11,tDS07,煤煙病
3352_JPG.rf.5430ff7bc74f6373af7595b2a4ec422c.jpg,3120,3120,2,tDC01,赤葉枯病
92_JPG.rf.5ee3e0f27cff73f8864f439c713fa8b1.jpg,2268,4032,2,tDC01,赤葉枯病
7287_JPG.rf.463eaebc4fccc38662eed9b21900b724.jpg,3120,3120,6,tDE03,茶餅病
7140_JPG.rf.6cfeeaa4d025f902fe283cf6871db4ef.jpg,3024,4032,6,tDE03,茶餅病
3446_JPG.rf.31d16978163c02901e89cb76853895ff.jpg,4032,3024,6,tDE03,茶餅病
6647_JPG.rf.99560d1e624b6a8be77fc72d78d4d678.jpg,3468,4624,6,tDE03,茶餅病
3451_JPG.rf.4eed0a6fb3a94fb19bcd56f77eea5ada.jpg,3024,4032,6,tDE03,茶餅病
3653_JPG.rf.962e04bd95e9ca97d77dca8371f59c8c.jpg,4032,3024,6,tDE03,茶餅病
2017_JPG.rf.562c7bc34f68cfa25fef93ec2703cc2f.jpg,3120,3120,7,tDL09,地衣
24449_JPG.rf.fd3a6b7f6704bd47f2e3b5a63bc30edd.jpg,3468,4624,5,tDE02,網餅病
3302_JPG.rf.eaadfcb78c8eeb62d4959fe5ffa606ef.jpg,3024,4032,8,tDM04,茶髮狀病
3502_JPG.rf.97e08cd8ecc0a3f8af0357411d2fcaea.jpg,4032,3024,6,tDE03,茶餅病
7236_JPG.rf.13d5ad6944dcc3d639b16588729afc28.jpg,3120,3120,6,tDE03,茶餅病
7167_JPG.rf.321d0adad75a91935f0e5a4a472abfa7.jpg,3024,4032,6,tDE03,茶餅病
5353_JPG.rf.0e83c1b000fb6a6f7c2558405d5f1b9d.jpg,3024,4032,8,tDM04,茶髮狀病
5112_JPG.rf.5760fc535f3359cf9a12e79ea276973c.jpg,3024,4032,8,tDM04,茶髮狀病
7575_JPG.rf.faa10ea2fb0474ff9a94b37d0fc12dc6.jpg,3024,4032,6,tDE03,茶餅病
24533_JPG.rf.8285e8af6e6b86e0e65c2b34964ede04.jpg,3024,4032,7,tDL09,地衣
2826_JPG.rf.cc2a4b2e7d36ac8064ea810857fdda42.jpg,4032,3024,11,tDS07,煤煙病
4624_JPG.rf.63f485328dd7167da0876f2824306917.jpg,2268,4032,2,tDC01,赤葉枯病
24627_JPG.rf.ba83fb1873a9990a58e3b7fea95068b2.jpg,3024,4032,7,tDL09,地衣
2770_JPG.rf.475f3631a935af2a59ef0f32cbc4c615.jpg,3024,4032,3,tDC08,藻斑病
2276_JPG.rf.416c2ad8fcb590d1630c31681e455c64.jpg,3024,4032,10,tDP06,輪班病
6716_JPG.rf.c4afccaad48597fcd73fb667807ed3f1.jpg,3468,4624,6,tDE03,茶餅病
2906_JPG.rf.a2b3d2a60fb590de2b9ed9d201be4f65.jpg,3024,4032,3,tDC08,藻斑病
1415_JPG.rf.dc2755593734fa0807056da822cd051d.jpg,3024,4032,10,tDP06,輪班病
156_JPG.rf.f2dc91db58521e4458331539e64fcc45.jpg,2268,4032,2,tDC01,赤葉枯病
24081_JPG.rf.0e96fa9ae8793c7cbc5b77f3d711eceb.jpg,3468,4624,5,tDE02,網餅病
24562_JPG.rf.93bb2d098cf6a99fe50ea156af99e6fb.jpg,3024,4032,7,tDL09,地衣
6713_JPG.rf.b209f98d4f8d267da6a7f729c1eeface.jpg,4624,3468,6,tDE03,茶餅病
33156_JPG.rf.55bf67d524113be9b9b62eb80d7b1d59.jpg,3024,4032,4,tDD11,枝枯病
24643_JPG.rf.bb33a5805067e6e36f9ca7d0fe612ff8.jpg,3024,4032,7,tDL09,地衣
7578_JPG.rf.3dfbaf689ca7b508735eecca0fe3f1e6.jpg,4032,3024,6,tDE03,茶餅病
2511_JPG.rf.58e99ac3bbc2537099fd0b3c510f4e00.jpg,4032,3024,11,tDS07,煤煙病
5122_JPG.rf.5f326f5dc9b750006116fe34b1da77b9.jpg,3024,4032,8,tDM04,茶髮狀病
5280_JPG.rf.bf917f1ef574bd5434abcad31f9212f7.jpg,3120,3120,8,tDM04,茶髮狀病
3435_JPG.rf.63261ee6ace3df99dcb06b09cec15bc2.jpg,3024,4032,6,tDE03,茶餅病
1387_JPG.rf.c508d289030146f5b78e1d7b2bf6ef6e.jpg,4032,3024,10,tDP06,輪班病
3255_JPG.rf.e83f4116bc10ae5aa85618e547b418e3.jpg,3024,4032,8,tDM04,茶髮狀病
3250_JPG.rf.8639eaaad8c262ea6e1c52b969e1d84c.jpg,3024,4032,8,tDM04,茶髮狀病
22499_JPG.rf.495f22126855bb14dc7feb66269478e8.jpg,3468,4624,7,tDL09,地衣
1428_JPG.rf.b155eb0e425fb4003b8c5e1d96262bab.jpg,4032,3024,10,tDP06,輪班病
2821_JPG.rf.bd8d6edb504730b7e67178b849c325ff.jpg,4032,3024,11,tDS07,煤煙病
3547_JPG.rf.be2562e9ae09f6cb0f989245ff6c7482.jpg,3024,4032,6,tDE03,茶餅病
3241_JPG.rf.af525bbffdb338dc588d168488d9460e.jpg,3024,4032,8,tDM04,茶髮狀病
2009_JPG.rf.6e69a2c5751af18a9337552c89ed76f7.jpg,3120,3120,7,tDL09,地衣
5535_JPG.rf.d3cdb16eec0b7620722f92674814f977.jpg,4032,3024,10,tDP06,輪班病
1871_JPG.rf.7155a68e113fd656dcb498e1b41e52ef.jpg,3024,4032,3,tDC08,藻斑病
33611_JPG.rf.672eeb87e5f8017c00069e5ce672f061.jpg,3024,4032,11,tDS07,煤煙病
2363_JPG.rf.3ae615ec0c9b6734174110c75abc5ad6.jpg,3024,4032,3,tDC08,藻斑病
3490_JPG.rf.8055abc6b3ae55af6080a797c107a379.jpg,3024,4032,6,tDE03,茶餅病
7329_JPG.rf.09d778e33f031eb737a843cb1fac5511.jpg,3120,3120,6,tDE03,茶餅病
3364_JPG.rf.f7a3cd1a7c67f170a4b31e39c4a82faa.jpg,3120,3120,10,tDP06,輪班病
7244_JPG.rf.8952874b31a175f2c295152de2d8de43.jpg,3120,3120,6,tDE03,茶餅病
24134_JPG.rf.5585ba6b5f957f796f1a95928787dccb.jpg,3468,4624,5,tDE02,網餅病
6281_JPG.rf.b8fc1655a5a1d42f09e00672e5cfb1f1.jpg,960,1705,3,tDC08,藻斑病
2319_JPG.rf.0294142ccadd527d15f0ab2119f3796a.jpg,3120,3120,10,tDP06,輪班病
24441_JPG.rf.e620350cdffdd3ef71b89c4ff6e2abf9.jpg,3468,4624,5,tDE02,網餅病
33133_JPG.rf.7cd1df87a4b9b9b825ae9db6f9f553cf.jpg,3024,4032,4,tDD11,枝枯病
3536_JPG.rf.f922fcc932ad514ada935ddd38100207.jpg,3024,4032,6,tDE03,茶餅病
5176_JPG.rf.7dddc8ff44483e62a50f1fe185c08524.jpg,3120,3120,8,tDM04,茶髮狀病
5223_JPG.rf.55f625b7a0c9b4df0aadd5bdf58765d5.jpg,3120,3120,8,tDM04,茶髮狀病
33589_JPG.rf.36a796fb9d583c855d29f8e6f777da81.jpg,3024,4032,10,tDP06,輪班病
6642_JPG.rf.1d4240ada86261aa21eec1862aa99fd8.jpg,4624,3468,6,tDE03,茶餅病
3564_JPG.rf.743f68e3b4b848655b1834c33bda677a.jpg,3024,4032,6,tDE03,茶餅病
24334_JPG.rf.4f7953860e466750838f8f0724d0693c.jpg,3468,4624,5,tDE02,網餅病
33619_JPG.rf.8cc693e5818fb5de61dfbd415590af7b.jpg,3024,4032,11,tDS07,煤煙病
33775_JPG.rf.a0de7fe277b3266f7755e6f49238dbc5.jpg,3024,4032,7,tDL09,地衣
3932_JPG.rf.85bf3e08f9556067081c4883f3d03d89.jpg,3480,4640,3,tDC08,藻斑病
5304_JPG.rf.2cd36abbfe70649916975f9177d5ed8e.jpg,3120,3120,8,tDM04,茶髮狀病
33587_JPG.rf.aba3902887c898ed7bf0226d17b22c5f.jpg,3024,4032,10,tDP06,輪班病
33097_JPG.rf.89b75d5230507d494a6e7f0c4dbaca94.jpg,3024,4032,4,tDD11,枝枯病
5136_JPG.rf.9d69a9f85e6df912da34493f9d46045e.jpg,3024,4032,8,tDM04,茶髮狀病
7805_JPG.rf.05cd9da7ea54ce5a5d21b9c0ced03a73.jpg,4032,3024,6,tDE03,茶餅病
1773_JPG.rf.48809216d7a73223fe3b05c98581088c.jpg,3024,4032,4,tDD11,枝枯病
1862_JPG.rf.a0f5ce5754a4a047a5b7e26f7018d48e.jpg,3024,4032,3,tDC08,藻斑病
3603_JPG.rf.475c0b3d89e0c586b4d992cdea5cc20b.jpg,4032,3024,6,tDE03,茶餅病
24568_JPG.rf.6ca2a50535d63657d469dfcbdea1dab1.jpg,3024,4032,7,tDL09,地衣
3235_JPG.rf.ad5dda52dc590f1d8e78c01dee54eb75.jpg,3024,4032,8,tDM04,茶髮狀病
1851_JPG.rf.ef9876fe571c44a9c4b838baaf1ed9f2.jpg,1478,1108,10,tDP06,輪班病
2617_JPG.rf.0162c56b28d4cd4cb8d8d4f1379b509e.jpg,4032,3024,11,tDS07,煤煙病
3573_JPG.rf.b30e7bbca2b65a3aa2989c969918484f.jpg,4032,3024,6,tDE03,茶餅病
4231_JPG.rf.d926020f504287797e6226337c615359.jpg,2268,4032,3,tDC08,藻斑病
7320_JPG.rf.8380b6623cbaabf1f56b678bc7487767.jpg,3120,3120,6,tDE03,茶餅病
5561_JPG.rf.001448206a9347b78bc3d7503ba3bc0b.jpg,3120,3120,10,tDP06,輪班病
7310_JPG.rf.6e7ae5c8de74f2161343ad6afacfe6c8.jpg,3120,3120,6,tDE03,茶餅病
7713_JPG.rf.26bf77023b927391192cd94566b4aac4.jpg,3024,4032,6,tDE03,茶餅病
6667_JPG.rf.d2643be2c39e820f754ae1ee7e741ed3.jpg,3468,4624,6,tDE03,茶餅病
6686_JPG.rf.5ea6d063075aa370d74ab5efbaba7150.jpg,3468,4624,6,tDE03,茶餅病
33617_JPG.rf.67d59c55ceb954e42d7971b8afd7769e.jpg,3024,4032,11,tDS07,煤煙病
33085_JPG.rf.5e85983de0e857939bb34a13d36eced5.jpg,3024,4032,4,tDD11,枝枯病
1438_JPG.rf.f20725610a4f430cfe2ee3fb0aa996e0.jpg,4032,3024,10,tDP06,輪班病
6749_JPG.rf.95ba7ad8a2f82f5d4700a80d931060f2.jpg,4032,3024,6,tDE03,茶餅病
5318_JPG.rf.39bb49d7eb564fb86093a0ceeefc3ea8.jpg,3120,3120,8,tDM04,茶髮狀病
33171_JPG.rf.976062a3df1ba078aa4149c25a60f396.jpg,3024,4032,4,tDD11,枝枯病
24469_JPG.rf.fa5501f22dc8fdc8d8c209a9bd60cb1b.jpg,3468,4624,5,tDE02,網餅病
1943_JPG.rf.4b89abe88a2243cc2e0ebd56a362ba81.jpg,1478,1108,3,tDC08,藻斑病
2909_JPG.rf.8ca394c451271296ac096d2a800050f5.jpg,3024,4032,3,tDC08,藻斑病
5528_JPG.rf.97bd4456c6de1abafa282ce820069af4.jpg,3024,4032,10,tDP06,輪班病
24343_JPG.rf.84ed862678710dc339df9a2f3c0c0a17.jpg,3468,4624,5,tDE02,網餅病
1776_JPG.rf.6044563aa818ccf03f756e01cde807aa.jpg,3024,4032,2,tDC01,赤葉枯病
3465_JPG.rf.7a2d2a3e830b1b9823c290528f6cead6.jpg,3024,4032,1,tDA12,藻類
2683_JPG.rf.1729b8c0a1ac5349208e52ab5929aea6.jpg,3120,3120,11,tDS07,煤煙病
3595_JPG.rf.17dd6c0c5669dfc698b79598a2ddbb13.jpg,3024,4032,6,tDE03,茶餅病
33578_JPG.rf.b5976c26758b002fb2d21a73c82b1330.jpg,3024,4032,3,tDC08,藻斑病
3802_JPG.rf.9cc72b66966f0074c75fad99062427be.jpg,3480,4640,3,tDC08,藻斑病
2127_JPG.rf.09414076ba2df1168bf77947bbdef4d2.jpg,3480,4640,4,tDD11,枝枯病
24337_JPG.rf.249fce9fc11ec2b161b260fb1d346f08.jpg,3468,4624,5,tDE02,網餅病
5166_JPG.rf.79ddbacdcf4efccec8fc23b48919917a.jpg,3120,3120,8,tDM04,茶髮狀病
7840_JPG.rf.6e2e7d02cd8501a286366f7b6935dda3.jpg,4032,3024,6,tDE03,茶餅病
22438_JPG.rf.cad1dd17d97c27a854ccd05f09a07e70.jpg,3024,4032,10,tDP06,輪班病
7255_JPG.rf.703df7c4b78b42d5b3bc829020eab7fb.jpg,3120,3120,6,tDE03,茶餅病
33659_JPG.rf.099ef3bd88ef54d0132151a7171d2baf.jpg,3024,4032,11,tDS07,煤煙病
22372_JPG.rf.290c3a3a1f456bfd425d803637fd67ed.jpg,3024,4032,9,tDM10,苔癬
1806_JPG.rf.57bc4db2acdf82e8b9e4b957be09e3dd.jpg,1478,1108,2,tDC01,赤葉枯病
3642_JPG.rf.b4d849eb0bf3b91ff5cf694ca3ac0220.jpg,3024,4032,6,tDE03,茶餅病
7354_JPG.rf.b041be163b55b8a96385941e0f50d827.jpg,3120,3120,6,tDE03,茶餅病
3500_JPG.rf.41b37a1802aa86efe786896e6fd1cf56.jpg,4032,3024,6,tDE03,茶餅病
1364_JPG.rf.80cda18dabe268809fa8b2d545be13e3.jpg,3024,4032,3,tDC08,藻斑病
5337_JPG.rf.204f39022ca17d38a10d5cb695f7ffe9.jpg,3120,3120,8,tDM04,茶髮狀病
22385_JPG.rf.ba9b7d8dd405bb11469630adf8124eb8.jpg,3468,4624,11,tDS07,煤煙病
83_JPG.rf.a75f60c9e8b413332b3bc1b09dfbfc9d.jpg,2268,4032,4,tDD11,枝枯病
7272_JPG.rf.c80840e570ddd209d9bbb5947d823abe.jpg,3120,3120,6,tDE03,茶餅病
22336_JPG.rf.4a93a984e948476a881e82462c57a07f.jpg,3468,4624,7,tDL09,地衣
1455_JPG.rf.e879ab96a2fdc4076fc34e5c0c329ea0.jpg,4032,3024,10,tDP06,輪班病
7738_JPG.rf.8d84e51bdd0b1bb373fb48c27a21e9e6.jpg,3024,4032,6,tDE03,茶餅病
25007_JPG.rf.b161f2e588cfd16966825fb230bf0d09.jpg,3024,3024,7,tDL09,地衣
5532_JPG.rf.9b33517b6530a0f6b8d762b80d6236c7.jpg,3024,4032,10,tDP06,輪班病
1791_JPG.rf.49df3bc10a2de0526d2b3c931a03fdec.jpg,1365,2048,2,tDC01,赤葉枯病
81_JPG.rf.2cba8c56fd82a00571716c754bf04e92.jpg,2268,4032,4,tDD11,枝枯病
5192_JPG.rf.d7e31abde675a1e91af9126ab139c015.jpg,3120,3120,8,tDM04,茶髮狀病
1385_JPG.rf.af6150e36a9cd688fab49b8e71e683f4.jpg,4032,3024,3,tDC08,藻斑病
5215_JPG.rf.236c70b4f783e40e578fffb5222c4dc2.jpg,3120,3120,8,tDM04,茶髮狀病
5331_JPG.rf.f7370a4a61785839c2088b7c4e47e9a7.jpg,3120,3120,8,tDM04,茶髮狀病
6776_JPG.rf.426afaae7f3711aa7621477204c514da.jpg,4032,3024,6,tDE03,茶餅病
2316_JPG.rf.c997a32c4d8aa883af942a9520e97b68.jpg,3120,3120,10,tDP06,輪班病
3981_JPG.rf.cfce7b3d77613684abd1eef2788378cb.jpg,3480,4640,3,tDC08,藻斑病
3784_JPG.rf.f53466061bd4ff71c445f2e7ee768ac9.jpg,3480,4640,3,tDC08,藻斑病
2773_JPG.rf.040418bdcdf8405a32c6cd8865cce1fb.jpg,3024,4032,3,tDC08,藻斑病
33155_JPG.rf.070f68543f6f4dca0777d031b6f0800f.jpg,3024,4032,4,tDD11,枝枯病
4582_JPG.rf.64ae79f98f471c0ee6a0b60d11242954.jpg,2268,4032,2,tDC01,赤葉枯病
33167_JPG.rf.2d0aab9feb908a4ef99e5724ec74db3e.jpg,3024,4032,4,tDD11,枝枯病
155_JPG.rf.4a7ca69959c0275802088f8bccf9225a.jpg,2268,4032,2,tDC01,赤葉枯病
5442_JPG.rf.ee8cc61d3d8f46c9a3024f833384c9a6.jpg,1705,960,2,tDC01,赤葉枯病
2606_JPG.rf.9bfaa5d96650945483b10e0795214200.jpg,3024,4032,11,tDS07,煤煙病
22445_JPG.rf.82d8c5e85c14908fb7d0943bc7be2f38.jpg,3024,4032,10,tDP06,輪班病
1913_JPG.rf.bc6c8d1eeb5ac892b6b8212602833f1d.jpg,1365,2048,3,tDC08,藻斑病
24456_JPG.rf.4b27b8bbcffcf8f30db019a23c78a8d3.jpg,3468,4624,5,tDE02,網餅病
3421_JPG.rf.808b61dfede443326fdfe6d260b49d0e.jpg,3024,4032,10,tDP06,輪班病
6777_JPG.rf.895ddd9d52f799588b6e942168b2ed35.jpg,4032,3024,6,tDE03,茶餅病
5169_JPG.rf.9f7ae8cb98ee7963797c0bd7c2288317.jpg,3120,3120,8,tDM04,茶髮狀病
7284_JPG.rf.b9e497c61926c4c01c041e2cb050916f.jpg,3120,3120,6,tDE03,茶餅病
1924_JPG.rf.8b6729c5b04f65c08ae08dff59062f5a.jpg,1365,2048,3,tDC08,藻斑病
74_JPG.rf.7b99239744bacc9569a7f403890c025d.jpg,2268,4032,2,tDC01,赤葉枯病
2402_JPG.rf.d5c0da5973241a70aa9abbfdf1063005.jpg,3120,3120,3,tDC08,藻斑病
22436_JPG.rf.0ed6446a5328f133e80403e7b8480966.jpg,3024,4032,10,tDP06,輪班病
6611_JPG.rf.076b123c432b5eb49e5092f4e2298bac.jpg,3468,4624,6,tDE03,茶餅病
2731_JPG.rf.bc89072490cfc65416c094f4583e9801.jpg,3024,4032,3,tDC08,藻斑病
24104_JPG.rf.cd9f26cb1667da61e4cc601885bd9002.jpg,3468,4624,5,tDE02,網餅病
2008_JPG.rf.6de5d119ceb3b5990b29f0d5b8768aea.jpg,3480,4640,2,tDC01,赤葉枯病
5374_JPG.rf.224bd7a07b7de0743650e61eba2d29d7.jpg,4032,3024,8,tDM04,茶髮狀病
3639_JPG.rf.28352d35c67df8d4587bcb7ef98f2cdd.jpg,3024,4032,6,tDE03,茶餅病
2757_JPG.rf.3907ac9f7c4b9b0a04435f0865c757c6.jpg,3024,4032,3,tDC08,藻斑病
33607_JPG.rf.66d609570207bf468777b44a7b76aea9.jpg,3024,4032,10,tDP06,輪班病
33696_JPG.rf.e17776dbc99921f7f77bcf63d3c4874c.jpg,3024,4032,11,tDS07,煤煙病
3463_JPG.rf.df83df2471f3c7a8c9c5cf55787d0826.jpg,4032,3024,6,tDE03,茶餅病
65_JPG.rf.c37bbd8bdb0f8ac7fdb3dcd4d48fe436.jpg,2268,4032,4,tDD11,枝枯病
7181_JPG.rf.b97f59bb3ae21c65792ac93891f2f681.jpg,3024,4032,6,tDE03,茶餅病
1922_JPG.rf.fb7db3f11c18b40a6222fed6f68979ef.jpg,2048,1365,3,tDC08,藻斑病
1942_JPG.rf.113383bdd947c75c0e8675162e47d47c.jpg,1478,1108,3,tDC08,藻斑病
1825_JPG.rf.9eb955e3fe4098b31ec3bea04f310715.jpg,3024,4032,10,tDP06,輪班病
7174_JPG.rf.1383b10fb21dce92f210ac983a9f7d53.jpg,3024,4032,6,tDE03,茶餅病
33592_JPG.rf.2ed20b62018d1f4a0c08f2626bb4716c.jpg,3024,4032,10,tDP06,輪班病
24958_JPG.rf.32efe35d78836ae1862d4b7b6509aef3.jpg,3024,4032,7,tDL09,地衣
24538_JPG.rf.a930450170ffb7fce2259de1f8ca8be2.jpg,3024,4032,7,tDL09,地衣
2473_JPG.rf.65421fcaf7596d5b2d05390cb279fd51.jpg,3024,4032,11,tDS07,煤煙病
2703_JPG.rf.ce0ae451bca64686dea063f7b47c4936.jpg,3120,3120,11,tDS07,煤煙病
3447_JPG.rf.206fc59bb45d39e99f10688d0804afa7.jpg,3024,4032,6,tDE03,茶餅病
24327_JPG.rf.6ceaa1cfffd41a0b2e346219cdbb411b.jpg,3468,4624,5,tDE02,網餅病
24995_JPG.rf.6f143f896b30da4ff708a2102e2f3906.jpg,3024,3024,7,tDL09,地衣
7712_JPG.rf.3cce4c16c0156d12c558300608c7ef9e.jpg,4032,3024,6,tDE03,茶餅病
2289_JPG.rf.bece66c2ca8a0b40046e4c83f0276ce9.jpg,3024,4032,10,tDP06,輪班病
2260_JPG.rf.782ac50237d4127a9b5a90ce4b42bc22.jpg,3120,3120,3,tDC08,藻斑病
7836_JPG.rf.8fafad3261e297d0cdcbb572d0670e4f.jpg,4032,3024,6,tDE03,茶餅病
5271_JPG.rf.b8681aa65ed11a79b8f18e57831d44c9.jpg,3120,3120,8,tDM04,茶髮狀病
1892_JPG.rf.4c3cc4783e9646409772f0dbe9734355.jpg,3024,4032,3,tDC08,藻斑病
2409_JPG.rf.e75088872f3786a058876daabb310a09.jpg,3120,3120,3,tDC08,藻斑病
6341_JPG.rf.2aae8c8af3ef0b7379125d05d4e6c140.jpg,2268,4032,2,tDC01,赤葉枯病
33174_JPG.rf.34fc96d9f88275726427afb859c07d87.jpg,3024,4032,4,tDD11,枝枯病
1434_JPG.rf.dbea868af7ac7371e8a2a7d27946deb6.jpg,4032,3024,10,tDP06,輪班病
6764_JPG.rf.707ed38b338808b3f259aae6e83ec5ba.jpg,4032,3024,6,tDE03,茶餅病
2344_JPG.rf.9898a082bb227b7e23e0ff07c6da8174.jpg,3120,3120,10,tDP06,輪班病
226_JPG.rf.9b0a9d3da049cc2a31df1ee524ae5eec.jpg,2268,4032,2,tDC01,赤葉枯病
2806_JPG.rf.8711fd832acd71f271a514846218292c.jpg,3024,4032,7,tDL09,地衣
6673_JPG.rf.25dd15dd6c0d9c047c3a06765d688793.jpg,3468,4624,6,tDE03,茶餅病
2274_JPG.rf.5342caa16a2a8eb1a779ad1caf7c11fc.jpg,3024,4032,10,tDP06,輪班病
146_JPG.rf.730880aff4508a6500d2a5a9b2e98a29.jpg,2268,4032,4,tDD11,枝枯病
7258_JPG.rf.599f8ca0e278851af42ad6358f82f2a9.jpg,3120,3120,6,tDE03,茶餅病
6743_JPG.rf.3e719e0a6e31df292594cc1fd93daf0a.jpg,3024,4032,6,tDE03,茶餅病
2804_JPG.rf.4428f597d3e58a253fe89b0e76a46a6a.jpg,3024,4032,3,tDC08,藻斑病
5159_JPG.rf.206b8d7035ef86f7351c387fc9ba8e1b.jpg,3120,3120,8,tDM04,茶髮狀病
24439_JPG.rf.ee84769a160ba1fbd154ebd7210b0f10.jpg,3468,4624,5,tDE02,網餅病
1435_JPG.rf.953bcd1f6cdf2b5b003317cfe5715703.jpg,3024,4032,10,tDP06,輪班病
5401_JPG.rf.d3fbc88ee925587325e20ebec3b73fbe.jpg,2268,4032,2,tDC01,赤葉枯病
24047_JPG.rf.93b5cc285f53888cf30f7ae82bd4a3b3.jpg,3468,4624,5,tDE02,網餅病
5522_JPG.rf.fca0dfad7f228a6d7937299b05bd0df1.jpg,3120,3120,2,tDC01,赤葉枯病
7235_JPG.rf.d5f4b109b37f252aeaa513efc0ed8331.jpg,3120,3120,6,tDE03,茶餅病
1963_JPG.rf.75450d5132c7ba17c4b45ed19110d57d.jpg,3120,3120,9,tDM10,苔癬
33175_JPG.rf.8ccad5990f770614e78daef07b81051a.jpg,3024,4032,4,tDD11,枝枯病
24990_JPG.rf.214872041eab35675525501ab41fb6f1.jpg,3024,3024,7,tDL09,地衣
3485_JPG.rf.b03c817acaa735f2777f142c381e76f7.jpg,4032,3024,6,tDE03,茶餅病
5289_JPG.rf.410be4f24e3f92a99b0f15b7be7790d5.jpg,3120,3120,8,tDM04,茶髮狀病
2695_JPG.rf.8c3c03e6ea13eab18271ce52632cd3ae.jpg,3120,3120,11,tDS07,煤煙病
3266_JPG.rf.9cdf97413a662b60ef109a92840c57c2.jpg,3024,4032,8,tDM04,茶髮狀病
3480_JPG.rf.d126e73480d718a4c899c38301c85f6c.jpg,3024,4032,6,tDE03,茶餅病
22360_JPG.rf.6a023a465ad00c9fbc39a34614c53aa1.jpg,3024,4032,10,tDP06,輪班病
6659_JPG.rf.6ce5df77652cb9fb21dfb3407ca40cd8.jpg,4624,3468,6,tDE03,茶餅病
22470_JPG.rf.40296bde5784c97a13232c288af2a53c.jpg,3468,4624,7,tDL09,地衣
24131_JPG.rf.30c7e0402ef6e05a6cdefddaa2713a19.jpg,3468,4624,5,tDE02,網餅病
24071_JPG.rf.8358a1c443d4ac2f05bb046ddbfe0419.jpg,3468,4624,5,tDE02,網餅病
3780_JPG.rf.bf27c2557418902fb166903859bd7bac.jpg,3480,4640,3,tDC08,藻斑病
1783_JPG.rf.edcaa8627a1e8eb5cef190f452ba3ab1.jpg,3024,4032,2,tDC01,赤葉枯病
2613_JPG.rf.b387baef6b5ca9b45e49b993590c90e1.jpg,3024,4032,11,tDS07,煤煙病
5312_JPG.rf.891324bc75b0628c871094746edd0c2a.jpg,3120,3120,8,tDM04,茶髮狀病
231_JPG.rf.7de0e1bca8387ab780b83c3d3f128f0e.jpg,3480,4640,2,tDC01,赤葉枯病
62_JPG.rf.c1cfe289d5dfdd4a8cc3418ef7ec2a66.jpg,2268,4032,2,tDC01,赤葉枯病
5116_JPG.rf.482ee40264b34861ba6840d9d8446386.jpg,3024,4032,8,tDM04,茶髮狀病
3320_JPG.rf.ce0a5af29aee45822c07eaa844c623c9.jpg,3024,4032,8,tDM04,茶髮狀病
3193_JPG.rf.259dd02beebb8f1c1f5d23ab4a2d434b.jpg,3024,4032,8,tDM04,茶髮狀病
3643_JPG.rf.f3b6316e6ce3efc3debaf88377c02aa5.jpg,3024,4032,6,tDE03,茶餅病
1947_JPG.rf.a74f5d3612f83e288b4d1e6f75be4d2a.jpg,1478,1108,3,tDC08,藻斑病
5144_JPG.rf.211dc3465b8da901445ffdabb66cc424.jpg,3024,4032,8,tDM04,茶髮狀病
5292_JPG.rf.793fa5abae7b4f3bf131db2a850c0b8f.jpg,3120,3120,8,tDM04,茶髮狀病
5344_JPG.rf.be1ee99e156d4ea20423fde12224007f.jpg,3024,4032,8,tDM04,茶髮狀病
3797_JPG.rf.bbcb6f14e3eaa16fb22e7d04e0239745.jpg,3480,4640,3,tDC08,藻斑病
24344_JPG.rf.22d3c8ef27838f2af1a5cdcb694e780b.jpg,3468,4624,5,tDE02,網餅病
5211_JPG.rf.e7fc4a97d268c2006e6057c2cb688a45.jpg,3120,3120,8,tDM04,茶髮狀病
2521_JPG.rf.f1e4ecb79af9fb23545c37afa233503f.jpg,4032,3024,11,tDS07,煤煙病
5168_JPG.rf.748d2cf9d6fac269d86647e5e9ddcefb.jpg,3120,3120,8,tDM04,茶髮狀病
7343_JPG.rf.60f6a7dd26fcce063a802830cc718edb.jpg,3120,3120,6,tDE03,茶餅病
1782_JPG.rf.5c1a2b1dda42f5e9933cf964ad4691ce.jpg,1478,1108,2,tDC01,赤葉枯病
3606_JPG.rf.170f9a1749baac0617108fd925373269.jpg,3024,4032,6,tDE03,茶餅病
5424_JPG.rf.39227bde43a191f80d743b3c5f3e62a0.jpg,2268,4032,2,tDC01,赤葉枯病
33569_JPG.rf.86020b721aa7bbfe7e16b461a0279cf1.jpg,3024,4032,10,tDP06,輪班病
7569_JPG.rf.56b4443c43a9e42c2044cc5e8b60a06c.jpg,3024,4032,6,tDE03,茶餅病
5391_JPG.rf.a1c8c06e54fb9ce859cd2e1066349e91.jpg,4032,3024,8,tDM04,茶髮狀病
3906_JPG.rf.90bf82713caff1feac51a92cf8bb150c.jpg,3480,4640,2,tDC01,赤葉枯病
22389_JPG.rf.615c14d4a79335ace6c390b145dc7d69.jpg,3468,4624,11,tDS07,煤煙病
6719_JPG.rf.4a3a44c3e439af7155475707c4f6426e.jpg,4624,3468,6,tDE03,茶餅病
6660_JPG.rf.400f73ab1b2709417aa16a7cc1bac869.jpg,4624,3468,6,tDE03,茶餅病
1840_JPG.rf.5f3eff47a19dc4529081ffd3ac093a22.jpg,2048,1365,10,tDP06,輪班病
6336_JPG.rf.edd1a17c4418e62c09aa45b8132e62f6.jpg,2268,4032,2,tDC01,赤葉枯病
7556_JPG.rf.22add95e74d587e423ccd0a0d6933bf7.jpg,4032,3024,6,tDE03,茶餅病
24370_JPG.rf.d894fb5d67dc66798a9d3da9ecb23736.jpg,3468,4624,5,tDE02,網餅病
7355_JPG.rf.856af5a0834442cd0e7f175329488f01.jpg,3120,3120,6,tDE03,茶餅病
5355_JPG.rf.1185f9299581c22b9c9078833bd2fb9a.jpg,4032,3024,8,tDM04,茶髮狀病
2440_JPG.rf.8411c7df719885ed07aa88ec1bc96e8f.jpg,3024,4032,3,tDC08,藻斑病
1457_JPG.rf.19bcd7491c2aa938edbd6a494630013b.jpg,4032,3024,10,tDP06,輪班病
3150_JPG.rf.6acbc6b0f9639fcf9c4e4afccbe4a719.jpg,3024,4032,8,tDM04,茶髮狀病
33643_JPG.rf.ce49285d33515e40e46172b91737d127.jpg,3024,4032,10,tDP06,輪班病
25000_JPG.rf.f443f5b2fadab51b69128da69c4fa141.jpg,3024,3024,7,tDL09,地衣
1820_JPG.rf.f786d0c0fde11d10259f400908410ac1.jpg,3024,4032,10,tDP06,輪班病
2662_JPG.rf.8b70c69c770ac502792d417306ebb414.jpg,3120,3120,11,tDS07,煤煙病
22452_JPG.rf.7e4c05ca5220e9e73459793294bedf73.jpg,3024,4032,10,tDP06,輪班病
5397_JPG.rf.8682732d44bd8e03dd8eb18a74780118.jpg,2268,4032,4,tDD11,枝枯病
3593_JPG.rf.857402b6d75ef1167ceca1387fe24f64.jpg,3024,4032,6,tDE03,茶餅病
7591_JPG.rf.1038d387da760d4b16ebc719175c517c.jpg,4032,3024,6,tDE03,茶餅病
3034_JPG.rf.38d02eecf23f513522e32c7e2ac6d7a1.jpg,3024,4032,8,tDM04,茶髮狀病
7139_JPG.rf.c94ca7dd85daf5c69d8abe00431904a0.jpg,3024,4032,6,tDE03,茶餅病
24435_JPG.rf.fca4072ac42f166082e4e23b0dd3993f.jpg,3468,4624,5,tDE02,網餅病
2815_JPG.rf.69a2ab8d44f42f44e7d1f92cd10d5184.jpg,4032,3024,3,tDC08,藻斑病
1978_JPG.rf.ec1eacd14ebad1b1c6f9cc6b8a5952c7.jpg,3480,4640,2,tDC01,赤葉枯病
22392_JPG.rf.7ea08210923e4292d74e21c51ac17fbc.jpg,3468,4624,11,tDS07,煤煙病
24350_JPG.rf.cdbe46090ff6019a7af8150affbeedb4.jpg,3468,4624,5,tDE02,網餅病
24336_JPG.rf.255e16d0ea780c367d7c664a0af9b927.jpg,3468,4624,5,tDE02,網餅病
6687_JPG.rf.50b218c2139513f1e6d27fe0e8e8d87b.jpg,3468,4624,6,tDE03,茶餅病
4661_JPG.rf.eb11526ecb7f7e7e047fa4301b6c8a87.jpg,2268,4032,4,tDD11,枝枯病
6295_JPG.rf.d43ddcdfaf37dbf744516d236e3d92af.jpg,1705,960,2,tDC01,赤葉枯病
5208_JPG.rf.a9b36ab0f59ea8316882b6f670f88f9a.jpg,3120,3120,8,tDM04,茶髮狀病
2550_JPG.rf.a80064ea5399c2b3c7228a6867d0d407.jpg,4032,3024,3,tDC08,藻斑病
1849_JPG.rf.caa743f5b2ca7e44a4cc2713767e5884.jpg,1478,1108,10,tDP06,輪班病
5426_JPG.rf.07b1aed050131433b2f5d4380d9c1b56.jpg,2268,4032,2,tDC01,赤葉枯病
6725_JPG.rf.7f5d9ba716fd795c242dc29c28d2b3ec.jpg,4032,3024,6,tDE03,茶餅病
7237_JPG.rf.efd30d355b5109e32d0c30fa6696e74e.jpg,3120,3120,6,tDE03,茶餅病
2809_JPG.rf.273c84b9c560419a56202d6c9eb99424.jpg,3024,4032,3,tDC08,藻斑病
7833_JPG.rf.8c8139012f6c6de56dd494367defe6e6.jpg,4032,3024,6,tDE03,茶餅病
2577_JPG.rf.452c8665b29fc0291a1039e5549d86a3.jpg,3024,4032,11,tDS07,煤煙病
5446_JPG.rf.ce99a37b11452ef3e202f9d60720371b.jpg,1705,960,2,tDC01,赤葉枯病
6857_JPG.rf.f5ed9ee8ba541f7fd5fdb23463c55383.jpg,2268,4032,8,tDM04,茶髮狀病
24420_JPG.rf.5b1ccf212aec02112bac7ac999d51eb7.jpg,3468,4624,5,tDE02,網餅病
7347_JPG.rf.b64e3896f0661633574941efb770b68b.jpg,3120,3120,6,tDE03,茶餅病
24539_JPG.rf.772a1b625ce1783ac9cf4f08690e7d09.jpg,3024,4032,7,tDL09,地衣
22448_JPG.rf.a19cce72ea87b3233ff21bcb64b6bf3c.jpg,3024,4032,10,tDP06,輪班病
3630_JPG.rf.6783bd215cf0a1072e2fa5f31475cec4.jpg,4032,3024,6,tDE03,茶餅病
24072_JPG.rf.1c422692dafcc28b35831a59aa42c2a5.jpg,3468,4624,5,tDE02,網餅病
7695_JPG.rf.39c4a3d40f58dcafa1320c4f08975dd4.jpg,4032,3024,6,tDE03,茶餅病
33641_JPG.rf.9e331e3f0ff6be016cd54e5c9c0afd50.jpg,3024,4032,10,tDP06,輪班病
33615_JPG.rf.322aae80d00d3068fb75382cfdcf11ff.jpg,3024,4032,10,tDP06,輪班病
7270_JPG.rf.53c5bf30e6079ad0a191516dfd248efb.jpg,3120,3120,6,tDE03,茶餅病
2423_JPG.rf.4ecbe0bad1ed609eeac8295dee3aa36d.jpg,3120,3120,3,tDC08,藻斑病
3467_JPG.rf.f63c01220b860885fb007313a10f0c02.jpg,4032,3024,6,tDE03,茶餅病
33583_JPG.rf.ae05e30a59e4f66a8be7593694cc06b6.jpg,3024,4032,10,tDP06,輪班病
3455_JPG.rf.9a18c0a952a1a85379e39c9d951fa1c9.jpg,4032,3024,6,tDE03,茶餅病
7166_JPG.rf.a9080f50991f652a52fd0725464765d2.jpg,3024,4032,6,tDE03,茶餅病
2304_JPG.rf.2705890a848bde4fb704730f93319a2a.jpg,3120,3120,10,tDP06,輪班病
7171_JPG.rf.13ae8ca1094fef40090a6ccf9f53b3a6.jpg,3024,4032,6,tDE03,茶餅病
24090_JPG.rf.f9921726d2d88b181b0b42b24a4e38a8.jpg,3468,4624,5,tDE02,網餅病
1461_JPG.rf.63a2b9130179fbba7062851599d77e5c.jpg,3024,4032,10,tDP06,輪班病
1760_JPG.rf.37c4ed46d71ef91fbe1f2cb0ed4e0c24.jpg,3024,4032,9,tDM10,苔癬
5360_JPG.rf.a05cd920afff371bae4b666dca6ce42a.jpg,3024,4032,8,tDM04,茶髮狀病
22398_JPG.rf.787e91536ca869f1b78ed94872b7be65.jpg,3468,4624,10,tDP06,輪班病
24074_JPG.rf.8d1118e1a46176b18564d9435fce191c.jpg,3468,4624,5,tDE02,網餅病
4623_JPG.rf.ad45c113f9483987699cc44017bf5e9f.jpg,2268,4032,3,tDC08,藻斑病
1359_JPG.rf.2e8875199a604cee58c4b6e9e6510314.jpg,3024,4032,10,tDP06,輪班病
1808_JPG.rf.5274b215f0d219580f4aff75e368f88f.jpg,3024,4032,10,tDP06,輪班病
5383_JPG.rf.65ac06f2b7e20bbedf21c543e50a4278.jpg,4032,3024,8,tDM04,茶髮狀病
3276_JPG.rf.bfe5565344daa911d4952355e88c829b.jpg,3024,4032,8,tDM04,茶髮狀病
24641_JPG.rf.dcea8e6844165cb222c1203d526cf0bb.jpg,3024,4032,7,tDL09,地衣
5154_JPG.rf.e99cef2df2d2142f4f9439a94fbf637a.jpg,3024,4032,8,tDM04,茶髮狀病
7704_JPG.rf.16d269284a591897ad275cefeaa5233c.jpg,3024,4032,6,tDE03,茶餅病
6335_JPG.rf.c16c8a1aba554ed59b65161061bcb7c0.jpg,2268,4032,10,tDP06,輪班病
33170_JPG.rf.84d2299021bd4b82f13853f8af458fed.jpg,3024,4032,4,tDD11,枝枯病
1879_JPG.rf.2ea86364e957f97f24a29c472ccc816d.jpg,3024,4032,3,tDC08,藻斑病
24941_JPG.rf.514a2cccf0cc6dd80962f3863c7effef.jpg,3024,4032,7,tDL09,地衣
6707_JPG.rf.02c72407aa1623dce59be9c91d0de6a5.jpg,4624,3468,6,tDE03,茶餅病
3486_JPG.rf.98d4fe390f5c8f570b0db422c091d7db.jpg,3024,4032,6,tDE03,茶餅病
3333_JPG.rf.9dd1ab766d41c1e19682a33b92490572.jpg,3024,4032,8,tDM04,茶髮狀病
6773_JPG.rf.9d1f3ed6aac0ebae0b1dc2a441ff9f31.jpg,4032,3024,6,tDE03,茶餅病
2295_JPG.rf.363fbc677a86a29d5d4ded05ccae2532.jpg,3120,3120,10,tDP06,輪班病
24937_JPG.rf.64f36495968f24d450f4cb832ac18c56.jpg,3024,4032,7,tDL09,地衣
5354_JPG.rf.0125b6b874c5e723e65d8460491a0ceb.jpg,4032,3024,8,tDM04,茶髮狀病
5369_JPG.rf.da9312fd3c162ee483333e64d96647a2.jpg,3024,4032,8,tDM04,茶髮狀病
24315_JPG.rf.651534abdc2cece6ffcf92101d85704e.jpg,3468,4624,5,tDE02,網餅病
3388_JPG.rf.f7a3e711ec7ab94165ec239af44451b1.jpg,3024,4032,9,tDM10,苔癬
33620_JPG.rf.8ec4ad21e71e4e62140caeb52cb8780b.jpg,3024,4032,11,tDS07,煤煙病
2726_JPG.rf.4170c3e06e5e073550aaaa881736d676.jpg,3024,4032,3,tDC08,藻斑病
33734_JPG.rf.a7af7a12dee480ef1213408e44a71685.jpg,3024,4032,7,tDL09,地衣
3597_JPG.rf.34d218d28762de95f11fe4f0caad68c9.jpg,3024,4032,6,tDE03,茶餅病
2518_JPG.rf.7ecec5b07d6fe59c643446b223b747b1.jpg,4032,3024,11,tDS07,煤煙病
22468_JPG.rf.cb4ef96853010779c632622df57b624e.jpg,3468,4624,7,tDL09,地衣
24377_JPG.rf.e5f1bafb7975a36274585c625bd6597f.jpg,3468,4624,5,tDE02,網餅病
24592_JPG.rf.d22508e104f11b320fc78163510df6b0.jpg,3024,4032,7,tDL09,地衣
24543_JPG.rf.2feb58b191ba8b2104f267d1fec8b885.jpg,3024,4032,7,tDL09,地衣
5418_JPG.rf.c700b1bd5c41525582dd3b57c838bf47.jpg,960,1705,2,tDC01,赤葉枯病
1936_JPG.rf.05bceebe351256cde1ba6d193d5a1771.jpg,2048,1365,3,tDC08,藻斑病
24564_JPG.rf.6a3a728c63a86f7b80bdb2f66e25fdab.jpg,3024,4032,7,tDL09,地衣
24474_JPG.rf.423bcc6c3b24748e332624170297ed80.jpg,3468,4624,7,tDL09,地衣
2839_JPG.rf.4590a392e3455223361352271e36d3fd.jpg,3024,4032,11,tDS07,煤煙病
6738_JPG.rf.097b03958b80b619aa8532a38ce6d172.jpg,4032,3024,6,tDE03,茶餅病
3247_JPG.rf.f8c223fac147eb698b17e2767492755a.jpg,3024,4032,8,tDM04,茶髮狀病
2917_JPG.rf.9a647542a1972ccd859ce5c5296968a5.jpg,3024,4032,3,tDC08,藻斑病
24545_JPG.rf.05d2572095d79da1c3060d5402baf67a.jpg,3024,4032,7,tDL09,地衣
1874_JPG.rf.c68056aff82944afb57341654206c83e.jpg,3024,4032,3,tDC08,藻斑病
5445_JPG.rf.e149eb566813660b6de731fae7a8f842.jpg,1705,960,2,tDC01,赤葉枯病
3357_JPG.rf.db2f39c3cd7e320abc7fcd0213e23143.jpg,3120,3120,10,tDP06,輪班病
3196_JPG.rf.a1f591ff3de7e8001b915b3b423877d6.jpg,3024,4032,8,tDM04,茶髮狀病
1390_JPG.rf.c290c4a228ca014475b43d723e8fd368.jpg,4032,3024,3,tDC08,藻斑病
5333_JPG.rf.75aa8dc9cd37ac7c6373cbd49b190476.jpg,3120,3120,8,tDM04,茶髮狀病
1852_JPG.rf.41d0dc2dc3ad78b9fd185f5598ffebd3.jpg,1478,1108,10,tDP06,輪班病
33702_JPG.rf.4abe6f200b83f973bb9635e80d86800b.jpg,3024,4032,10,tDP06,輪班病
6625_JPG.rf.af4b1e4f8ab17470382d40d3c950878d.jpg,3468,4624,6,tDE03,茶餅病
33698_JPG.rf.f043fd5fd8c079a63e204a9aef602e30.jpg,3024,4032,11,tDS07,煤煙病
3365_JPG.rf.fb22ab0e32198c8ab8c90a697e26a18e.jpg,3120,3120,10,tDP06,輪班病
33624_JPG.rf.b7728c6e1e0954b2bcd577e978c6f941.jpg,3024,4032,11,tDS07,煤煙病
24426_JPG.rf.347cd3310f15fa239b711934d59478d4.jpg,3468,4624,5,tDE02,網餅病
6678_JPG.rf.6e7a1f76b42e0717d212eb249b778d6c.jpg,3468,4624,6,tDE03,茶餅病
5294_JPG.rf.a40f096d17b4b308476c3b5c8ff1620c.jpg,3120,3120,8,tDM04,茶髮狀病
5544_JPG.rf.90a34fe29ae489de02f2b7541cb04a29.jpg,3120,3120,10,tDP06,輪班病
5416_JPG.rf.24688a75032794a6780e0d4bf8d8a35d.jpg,2268,4032,10,tDP06,輪班病
5317_JPG.rf.b15cf3cf2ca1a8d52b135bee324ae9d7.jpg,3120,3120,8,tDM04,茶髮狀病
24133_JPG.rf.513114e2234822d28783a5f0e9097db2.jpg,3468,4624,5,tDE02,網餅病
24357_JPG.rf.85a10ce16bfb6bd1fbe64488fa26ed42.jpg,3468,4624,5,tDE02,網餅病
24432_JPG.rf.0d3d0dffffe2dc7f2a05cb90cf1b4951.jpg,3468,4624,5,tDE02,網餅病
25018_JPG.rf.89311602e9c2bf92b9bf5720abe282c9.jpg,3024,3024,7,tDL09,地衣
22395_JPG.rf.fd7ea70fc327686c37b17a0f99b9db7e.jpg,3468,4624,10,tDP06,輪班病
1990_JPG.rf.bd67a4c8f50b401ce96c16aef0e4eaef.jpg,3024,4032,7,tDL09,地衣
24510_JPG.rf.2158295ba8ea78adafb90c5df1346f18.jpg,3024,4032,7,tDL09,地衣
2802_JPG.rf.c4584b36c03c25dd4448d3e326c62cff.jpg,3024,4032,3,tDC08,藻斑病
2701_JPG.rf.fcc70dea0fc604171fd6cfca5a798a1c.jpg,3120,3120,11,tDS07,煤煙病
1766_JPG.rf.3976e87a00699ebf8d6c53825b182a02.jpg,3024,4032,4,tDD11,枝枯病
2002_JPG.rf.33de033809582b6dbe4f231488269301.jpg,3120,3120,7,tDL09,地衣
1367_JPG.rf.00cbcb30263eb8c78e38ac14961dbf2a.jpg,3024,4032,5,tDE02,網餅病
6756_JPG.rf.8db20d4e128a56e1afac5d16aa82c88f.jpg,4032,3024,6,tDE03,茶餅病
2935_JPG.rf.88c53106f0587223cb4a69989f6a10ed.jpg,4032,3024,3,tDC08,藻斑病
22386_JPG.rf.540af2c328dc0d6c9eda546141479b89.jpg,3468,4624,11,tDS07,煤煙病
1995_JPG.rf.f36a1c47994d8072a501a8f3c70bc5ae.jpg,3120,3120,7,tDL09,地衣
33121_JPG.rf.7dccb4f93f33221c66a1363b26398187.jpg,3024,4032,4,tDD11,枝枯病
3419_JPG.rf.a38f4eec259899f8fed9fbd20acdabda.jpg,3468,4624,10,tDP06,輪班病
1875_JPG.rf.17b7d7dfbde5a310327ba691f4c23d50.jpg,3024,4032,3,tDC08,藻斑病
7594_JPG.rf.95951fd385df132b0ff904a8de0e0fc0.jpg,4032,3024,6,tDE03,茶餅病
94_JPG.rf.91cd3a67d6b305f90ac30e632e451527.jpg,2268,4032,2,tDC01,赤葉枯病
24446_JPG.rf.4813be571a29ecc60ba45e0b7cbc8a06.jpg,3468,4624,5,tDE02,網餅病
2754_JPG.rf.bb9a644fe60220b42a5e590c46fc48f4.jpg,3024,4032,3,tDC08,藻斑病
3437_JPG.rf.f86a9684e4c6716bf9b14c81b23af2ec.jpg,3024,4032,6,tDE03,茶餅病
1738_JPG.rf.f76d519fcde9f72d0039df3388a214ac.jpg,3024,4032,7,tDL09,地衣
33157_JPG.rf.7bfcd897756e42b0e8562304d9276f5a.jpg,3024,4032,4,tDD11,枝枯病
5162_JPG.rf.46d2dfc7d81e2da63275528efffca65f.jpg,3120,3120,8,tDM04,茶髮狀病
22464_JPG.rf.a6affeb34e00a8d977e6a8b196b42e3c.jpg,3024,3024,10,tDP06,輪班病
50_JPG.rf.836020c5535b06f0f15feb8f638e7dc6.jpg,2268,4032,4,tDD11,枝枯病
7357_JPG.rf.7ec3148cb8849716e38797658cac9c14.jpg,3120,3120,6,tDE03,茶餅病
24594_JPG.rf.b83921a8723450d3c9b7e1c0b72483e7.jpg,3024,4032,7,tDL09,地衣
5217_JPG.rf.dded7d701e9e568930dc8fe4568e6bef.jpg,3120,3120,8,tDM04,茶髮狀病
2496_JPG.rf.df5f0176aaf6d85c598cd48e87e18c89.jpg,3024,4032,11,tDS07,煤煙病
3629_JPG.rf.b0a386feb07f1817f5f83da5cf6b2cc3.jpg,3024,4032,6,tDE03,茶餅病
2866_JPG.rf.3b03424ad754d8306d6089f67b834e17.jpg,4032,3024,11,tDS07,煤煙病
2851_JPG.rf.910166fb031f8aaa71bd66226836a0ef.jpg,3024,4032,11,tDS07,煤煙病
2812_JPG.rf.87cb9af521126a776e1095bf74f1f815.jpg,3024,4032,3,tDC08,藻斑病
7590_JPG.rf.e700043ca82b9fff28b2e6268de0e12f.jpg,3024,4032,6,tDE03,茶餅病
3549_JPG.rf.8c349f4f607d0446dbb20bbdceebeb94.jpg,3024,4032,6,tDE03,茶餅病
4641_JPG.rf.b5fb9be73f72e1af8dc6f0cfff58ff84.jpg,2268,4032,2,tDC01,赤葉枯病
24483_JPG.rf.97e8bc8badcd6190a306316f23034783.jpg,3468,4624,7,tDL09,地衣
33707_JPG.rf.559f0a25b46ae2d29b5f343a539b1214.jpg,3024,4032,10,tDP06,輪班病
2018_JPG.rf.a3037b7110d98259c95731118bd27ac7.jpg,3480,4640,2,tDC01,赤葉枯病
5393_JPG.rf.6552eb09d06a5da8bfc58a544307263d.jpg,3024,4032,8,tDM04,茶髮狀病
24513_JPG.rf.c879a9f1bce15cb2c4aabd001e745c20.jpg,3024,4032,7,tDL09,地衣
1948_JPG.rf.3bced652bf7d326ee0509fb3a22da72b.jpg,1478,1108,3,tDC08,藻斑病
5222_JPG.rf.f8317fcc1b97cff1996e59b9e8e4998a.jpg,3120,3120,8,tDM04,茶髮狀病
1430_JPG.rf.8cdeb92815e9c3f5882d8dde159d20f8.jpg,4032,3024,10,tDP06,輪班病
33738_JPG.rf.66af6bd621fadd27d9f08626fb3318db.jpg,3024,4032,7,tDL09,地衣
7309_JPG.rf.913b539806f9b1ed7c4c1e501f15f90e.jpg,3120,3120,6,tDE03,茶餅病
22455_JPG.rf.9e94b48eaac9f3e49037b1eb11385213.jpg,3024,3024,10,tDP06,輪班病
33120_JPG.rf.e6434ca56e6a691d7636d9c0bf56420c.jpg,3024,4032,4,tDD11,枝枯病
1412_JPG.rf.034235cf4399df324be15b9bfd2cdd50.jpg,3024,4032,10,tDP06,輪班病
5551_JPG.rf.ce181162972b6631c89f8ed95fd46b36.jpg,3120,3120,10,tDP06,輪班病
24368_JPG.rf.4f9073f3a8c18f85836669fe0955dfcd.jpg,3468,4624,5,tDE02,網餅病
4651_JPG.rf.7cfd4378a194f267a682c443a1706af2.jpg,2268,4032,4,tDD11,枝枯病
5330_JPG.rf.374127e4aadfad47d39d114c5f2611a4.jpg,3120,3120,8,tDM04,茶髮狀病
2741_JPG.rf.c94e47bdbf33b835558819e5e8da8092.jpg,3024,4032,3,tDC08,藻斑病
22490_JPG.rf.a2145f62f03c031a0c97ad732eae6502.jpg,3468,4624,7,tDL09,地衣
24113_JPG.rf.e28804b6f5cfca92610387fd7c6a7071.jpg,3468,4624,5,tDE02,網餅病
33173_JPG.rf.f03d6a0ad41615f2a3a7f8251cba72df.jpg,3024,4032,4,tDD11,枝枯病
7837_JPG.rf.a67adf64c6e6b4b20263e79e1d9d33b1.jpg,4032,3024,6,tDE03,茶餅病
24999_JPG.rf.d01bd6d4bf590789bfdd42830c39ae1d.jpg,3024,3024,7,tDL09,地衣
1765_JPG.rf.bd899102a072972fa9d2deeb32f767b7.jpg,3024,4032,4,tDD11,枝枯病
82_JPG.rf.cae2e44eb55c92c32777e57b33756bad.jpg,2268,4032,4,tDD11,枝枯病
1358_JPG.rf.ae6eb38f23e0e53798a2dd999583bcb6.jpg,3024,4032,10,tDP06,輪班病
25006_JPG.rf.18dee399b0ecb9d76f369cc23e8c1930.jpg,3024,3024,7,tDL09,地衣
2488_JPG.rf.cb91b4cf3da4fc23e29525bf04aae962.jpg,3024,4032,11,tDS07,煤煙病
2037_JPG.rf.970262ca523cdecd7c76f3a36343cdff.jpg,3480,4640,2,tDC01,赤葉枯病
5382_JPG.rf.9ea106479e2b04321f7c20716a670d6e.jpg,4032,3024,8,tDM04,茶髮狀病
2341_JPG.rf.282728cb4c068b602287f8d364f0dcd5.jpg,3120,3120,10,tDP06,輪班病
1816_JPG.rf.6d6d95a488722f56572efe8a0652ba8d.jpg,3024,4032,10,tDP06,輪班病
3473_JPG.rf.305b82cf90ed6f2cfd930c2cce3b87cf.jpg,3024,4032,6,tDE03,茶餅病
24451_JPG.rf.55ce7ca8da57f01dcd960e8e2c2479a0.jpg,3468,4624,5,tDE02,網餅病
1733_JPG.rf.2e0b417c25cd2d79f3d6aab4572059ca.jpg,3024,4032,7,tDL09,地衣
22363_JPG.rf.637c92dba6b9e9f29de1abad6805a114.jpg,3024,4032,10,tDP06,輪班病
7296_JPG.rf.3a695ba715f058e1152c67917ef8b830.jpg,3120,3120,6,tDE03,茶餅病
5324_JPG.rf.01ccb2db1f45862762116e0af793b648.jpg,3120,3120,8,tDM04,茶髮狀病
3551_JPG.rf.6638a5a50e82a446bfad14b3a7b19366.jpg,3024,4032,6,tDE03,茶餅病
33128_JPG.rf.ec57d2f306cfc0f76711960964db38f0.jpg,3024,4032,4,tDD11,枝枯病
2787_JPG.rf.0cfd9a79f93baf6696b333f7c8b61104.jpg,3024,4032,11,tDS07,煤煙病
1769_JPG.rf.5213e12b9fe7fa438f6c6fb6179934ca.jpg,3024,4032,4,tDD11,枝枯病
5156_JPG.rf.4b176c6cd1f872ee891aca2405fc8f05.jpg,3024,4032,8,tDM04,茶髮狀病
7606_JPG.rf.f090624e7fc31ffb382ac263b7e33459.jpg,3024,4032,6,tDE03,茶餅病
3312_JPG.rf.5a83962fd4937d7c3a82398ec7c92e13.jpg,3024,4032,8,tDM04,茶髮狀病
1373_JPG.rf.2e7acb458b2d131b2015a0707c7d8fa4.jpg,3024,4032,3,tDC08,藻斑病
33585_JPG.rf.f1f8fd7fa46a4577c956b0459cd31dcb.jpg,3024,4032,10,tDP06,輪班病
33709_JPG.rf.cffd941b4f3d7e2f5e27acfd32b3e9e4.jpg,3024,4032,11,tDS07,煤煙病
64_JPG.rf.7c19aace8d9b85eea6d956fd52dd057e.jpg,2268,4032,4,tDD11,枝枯病
3785_JPG.rf.92210348274083b10cfe5ec405914463.jpg,3480,4640,3,tDC08,藻斑病
2416_JPG.rf.2594b553a6a5c98f047be5eae47fd11b.jpg,3120,3120,3,tDC08,藻斑病
2611_JPG.rf.25454e974f540d1cb7e3e10a03b655bb.jpg,3024,4032,11,tDS07,煤煙病
6721_JPG.rf.32d747d1c6566b437026a18cb036557f.jpg,3468,4624,6,tDE03,茶餅病
3132_JPG.rf.13910aa75742720ad1f9a47d881855f7.jpg,3024,4032,8,tDM04,茶髮狀病
7558_JPG.rf.0a8814260d6d642ee4494ef6ff913548.jpg,3024,4032,6,tDE03,茶餅病
1757_JPG.rf.2a3382f802e178be3dbb2746e00b3a9e.jpg,3024,4032,9,tDM10,苔癬
1842_JPG.rf.3844245d1e270610c7434aa184bf5075.jpg,2048,1365,10,tDP06,輪班病
33149_JPG.rf.6963c129cdf29be9642e1655e2e012f5.jpg,3024,4032,4,tDD11,枝枯病
2824_JPG.rf.9fb2100d3c77cbe1410eda55ca429c62.jpg,4032,3024,11,tDS07,煤煙病
24371_JPG.rf.c538d4189e9d26e278bb4d3eb7b79fe2.jpg,3468,4624,5,tDE02,網餅病
7180_JPG.rf.cad5c199698ec1a8d436f9f1559426f6.jpg,3024,4032,6,tDE03,茶餅病
2515_JPG.rf.640165110f4e81f28fe1e520b803ac57.jpg,4032,3024,11,tDS07,煤煙病
5520_JPG.rf.55ea107ded1b232327625c645fa5dd4e.jpg,3120,3120,2,tDC01,赤葉枯病
3565_JPG.rf.25872525537d14c4c51e8127d8d9f047.jpg,3024,4032,6,tDE03,茶餅病
3207_JPG.rf.a2cf22f3e70c021729aab49c223f219c.jpg,3024,4032,8,tDM04,茶髮狀病
7311_JPG.rf.f328b569fa22864342761ec0666f4088.jpg,3120,3120,6,tDE03,茶餅病
4609_JPG.rf.5283920d741438e15c9bfdcf06f800c2.jpg,2268,4032,3,tDC08,藻斑病
3470_JPG.rf.133948279496e684894ce4b9572a1dfa.jpg,3024,4032,6,tDE03,茶餅病
1381_JPG.rf.38018de6de0635f0c4f45855a8c07c8c.jpg,3024,4032,3,tDC08,藻斑病
22435_JPG.rf.1f9e185e292cdd342b9551fe7a27e59b.jpg,3024,4032,10,tDP06,輪班病
2811_JPG.rf.fd41584c45dacb14892ced030f8f3c94.jpg,3024,4032,11,tDS07,煤煙病
2021_JPG.rf.1b02fca95606ab67db4de0bc4149eeea.jpg,3480,4640,2,tDC01,赤葉枯病
3649_JPG.rf.d8a354e6d449fd5ef75545ea5c33a489.jpg,4032,3024,6,tDE03,茶餅病
2464_JPG.rf.ac9d64a65527f7f2ccefe372c5c25e19.jpg,3024,4032,11,tDS07,煤煙病
3489_JPG.rf.0eecf9e301bffca3d766a4cbd1e8aa30.jpg,3024,4032,6,tDE03,茶餅病
2531_JPG.rf.413d79704f3dfa172c651b7ce96cea32.jpg,3024,4032,11,tDS07,煤煙病
3594_JPG.rf.063aa2fd632f21b7730ce69f3f6ca550.jpg,4032,3024,6,tDE03,茶餅病
1427_JPG.rf.3b0c61b211f39c64dbedcb23f9a9df54.jpg,4032,3024,10,tDP06,輪班病
7614_JPG.rf.54164a85b46b08275d26ecde89de05f8.jpg,4032,3024,6,tDE03,茶餅病
22407_JPG.rf.bd46778ef0f68715d365c0264cf4bd36.jpg,3468,4624,10,tDP06,輪班病
24380_JPG.rf.47db2b9e8f2f6aaf3581b0715adbf3e8.jpg,3468,4624,5,tDE02,網餅病
3281_JPG.rf.1f1c54eaf7c07ce3bdaf1eabf9abf16c.jpg,3024,4032,8,tDM04,茶髮狀病
3584_JPG.rf.0c6a4e5ae4503300acc534d0d199b114.jpg,4032,3024,6,tDE03,茶餅病
24067_JPG.rf.e3b85f62ef657a88fc5a0038c70729a8.jpg,3468,4624,5,tDE02,網餅病
3440_JPG.rf.a2014b6e332f228c1370d70a4ad2fe63.jpg,3024,4032,6,tDE03,茶餅病
2774_JPG.rf.12d21accd34a96938ccbdaef54937bd7.jpg,3024,4032,3,tDC08,藻斑病
33176_JPG.rf.da3f1b3974cea51f09017e6676cc00a7.jpg,3024,4032,4,tDD11,枝枯病
33564_JPG.rf.404b546fe6bea8a3d6cbbadaf398857c.jpg,3024,4032,2,tDC01,赤葉枯病
1421_JPG.rf.975e93949333c246ee7b22958f6806d6.jpg,4032,3024,10,tDP06,輪班病
7163_JPG.rf.52628ab86350185f496e1036866b2c2f.jpg,3024,4032,6,tDE03,茶餅病
24508_JPG.rf.a06188d8cf0047647b6fe2de52dd8028.jpg,3024,4032,7,tDL09,地衣
1429_JPG.rf.7cb8f74cc7e3f112b175f215f9f5ba35.jpg,3024,4032,10,tDP06,輪班病
3271_JPG.rf.df012591780160cd60977b32f5cc18ed.jpg,3024,4032,8,tDM04,茶髮狀病
2761_JPG.rf.cf3dbcaf6120c004c7778ff0ed3ae791.jpg,3024,4032,3,tDC08,藻斑病
3952_JPG.rf.87533ff8a0ee7897bda4b57f620198c4.jpg,3480,4640,3,tDC08,藻斑病
33633_JPG.rf.0f9577feffa86194eab302b6cfe00e2d.jpg,3024,4032,7,tDL09,地衣
33745_JPG.rf.3b4866f899f0cf8cb5ee1638285e5454.jpg,3024,4032,7,tDL09,地衣
33647_JPG.rf.c4a30f5fce59f11dac0ec2fdd9046bc7.jpg,3024,4032,10,tDP06,輪班病
4638_JPG.rf.0396d6f97728f893a493caa0c0c0e1b5.jpg,2268,4032,2,tDC01,赤葉枯病
3441_JPG.rf.ec0deef7faed613b52f89086a5efd722.jpg,3024,4032,6,tDE03,茶餅病
2619_JPG.rf.0af1bb7acdc4f0b948f766a1e83ea0b4.jpg,4032,3024,11,tDS07,煤煙病
33601_JPG.rf.f6f9921d37d70b4f8a41b5eaaf477b49.jpg,3024,4032,10,tDP06,輪班病
3587_JPG.rf.7a70ea884b2dc4458acabfb184f10474.jpg,4032,3024,6,tDE03,茶餅病
1792_JPG.rf.3715eb729a871acfd4f6d416b2595342.jpg,1365,2048,2,tDC01,赤葉枯病
5299_JPG.rf.6b77a360299ecb5dd511cd755770f592.jpg,3120,3120,8,tDM04,茶髮狀病
24553_JPG.rf.e98c5a19ceab344f15686aa26304f588.jpg,3024,4032,7,tDL09,地衣
24317_JPG.rf.d94fc7e79f9f41ae4e5ca2a6bd6ee602.jpg,3468,4624,5,tDE02,網餅病
5414_JPG.rf.8d1fbfc8e47cdd2f8b8d26c728576501.jpg,2268,4032,2,tDC01,赤葉枯病
2397_JPG.rf.efaa935999e62fa2272f78836e601916.jpg,3024,4032,3,tDC08,藻斑病
24118_JPG.rf.41fa82105e4b868421c9dc16faa7c499.jpg,3468,4624,5,tDE02,網餅病
5367_JPG.rf.6278e14523967e8d3f2b0842e9915423.jpg,3024,4032,8,tDM04,茶髮狀病
5145_JPG.rf.e8ca21433e1baa05b54d87d90bf8e53c.jpg,3024,4032,8,tDM04,茶髮狀病
7571_JPG.rf.3009314cf80716f4771882dc5c0b84d1.jpg,4032,3024,6,tDE03,茶餅病
24365_JPG.rf.39d84bf6cf8648929bf7af61c47e6301.jpg,3468,4624,5,tDE02,網餅病
5364_JPG.rf.fa7f8004bf0ac9e633acd1112b3b6d94.jpg,3024,4032,8,tDM04,茶髮狀病
1828_JPG.rf.1d996bc80927ee338c1b5074094b31f1.jpg,3024,4032,10,tDP06,輪班病
7831_JPG.rf.55091d6e480578906d2be3e2bb73dd28.jpg,3024,4032,6,tDE03,茶餅病
7562_JPG.rf.03066832f7126e8cdf6f523e57ea3387.jpg,4032,3024,6,tDE03,茶餅病
5307_JPG.rf.f38e3a4c919e55017ce1773ea39a03dc.jpg,3120,3120,8,tDM04,茶髮狀病
2737_JPG.rf.b1e4c6d78385973668ee752ad45351d5.jpg,3024,4032,3,tDC08,藻斑病
140_JPG.rf.5e00c5b24d6d9cdf145e0eda484e8727.jpg,2268,4032,2,tDC01,赤葉枯病
3443_JPG.rf.4ff7d91c861898a2a8345fe3dc55d3a2.jpg,4032,3024,6,tDE03,茶餅病
5279_JPG.rf.f5a1171b86c2922fecda83554249586e.jpg,3120,3120,8,tDM04,茶髮狀病
6711_JPG.rf.042c14b7a0f11600f90e4179252666e4.jpg,4624,3468,6,tDE03,茶餅病
5358_JPG.rf.f7f48cda50510da5232d923ae26cb356.jpg,4032,3024,8,tDM04,茶髮狀病
7364_JPG.rf.e1b908e3b5b22ce6043dbf3f88460786.jpg,3120,3120,6,tDE03,茶餅病
2372_JPG.rf.5f651590159bf75098d45f64854e9a13.jpg,3024,4032,3,tDC08,藻斑病
24414_JPG.rf.d9be21abbc2fd2b6c7a98aed62a53c4a.jpg,3468,4624,5,tDE02,網餅病
5342_JPG.rf.b85b75a7b09f3845fbaae29789b790c5.jpg,3120,3120,8,tDM04,茶髮狀病
22487_JPG.rf.1fb793013452af7e1b74ea686047618b.jpg,3468,4624,7,tDL09,地衣
3556_JPG.rf.555c7ddf1c3c453c388c1bccb4446f60.jpg,3024,4032,6,tDE03,茶餅病
24423_JPG.rf.ede8bd0d17a05f96a34cf3302dbb7ae1.jpg,3468,4624,5,tDE02,網餅病
2926_JPG.rf.1397cbccd5f1b61f2154392d74c66479.jpg,3024,4032,3,tDC08,藻斑病
3611_JPG.rf.a91610042b14d79550e771e8092a9edc.jpg,3024,4032,6,tDE03,茶餅病
2419_JPG.rf.5db58099eada9fc6bd69bbb04ffe7b2a.jpg,3120,3120,3,tDC08,藻斑病
24603_JPG.rf.d54a8d6c4564d82d2de0dd11b22b32f6.jpg,3024,4032,7,tDL09,地衣
5548_JPG.rf.cb326b16a0a165a7ee7d6bb74ef1d0e8.jpg,3120,3120,10,tDP06,輪班病
3457_JPG.rf.192fb0b15081b27fc7af22ddc2697350.jpg,4032,3024,7,tDL09,地衣
2556_JPG.rf.aafbcef9b68b6fa6e37c646322be96e0.jpg,3024,4032,11,tDS07,煤煙病
5399_JPG.rf.853bd32fbbd781f16aa8077ca6f3fd76.jpg,2268,4032,2,tDC01,赤葉枯病
3442_JPG.rf.86865dd2fd766198869d47ec79474105.jpg,3024,4032,6,tDE03,茶餅病
6338_JPG.rf.711e7355b4476c0a6df2e9b596ef1b33.jpg,2268,4032,2,tDC01,赤葉枯病
7732_JPG.rf.32758fa6d3a2ac6cf4086861969907cc.jpg,3024,4032,6,tDE03,茶餅病
7707_JPG.rf.017b59c9faffd99bf8e4be8529d87047.jpg,3024,4032,6,tDE03,茶餅病
26765_JPG.rf.51e9ff1b5bc8e71768a2e52c502533d1.jpg,3468,4624,10,tDP06,輪班病
6287_JPG.rf.9287a6bd36743f7925e2e4cda226ed69.jpg,2268,4032,4,tDD11,枝枯病
5346_JPG.rf.759df632432cf7c8761e9ff1070e7947.jpg,3024,4032,8,tDM04,茶髮狀病
5419_JPG.rf.17e9ecb16bc73eab544a372d025d4cf8.jpg,1705,960,2,tDC01,赤葉枯病
7153_JPG.rf.4ad3e159879ab677012068626fb8929c.jpg,3024,4032,6,tDE03,茶餅病
2016_JPG.rf.0c2f84bfceabd4afbe1747046f1fb45a.jpg,3120,3120,7,tDL09,地衣
3039_JPG.rf.cd129755755fa302907d284e4041bd0b.jpg,3024,4032,8,tDM04,茶髮狀病
5545_JPG.rf.0ad5101e48e57e64f91222f2b9fa70e8.jpg,3120,3120,2,tDC01,赤葉枯病
7727_JPG.rf.68b4f3d2c88c87449a45ce5012318d69.jpg,3024,4032,6,tDE03,茶餅病
3501_JPG.rf.72cb10fd4a581030b4536ef2b311c0f2.jpg,4032,3024,6,tDE03,茶餅病
3456_JPG.rf.79752ac1c3bce934390ec67cbba6216d.jpg,4032,3024,6,tDE03,茶餅病
2335_JPG.rf.6d65b31fbdcac58c9398692c0df2ae2c.jpg,3120,3120,10,tDP06,輪班病
3461_JPG.rf.1f100cdd79af65943c84366b69685757.jpg,3024,4032,7,tDL09,地衣
7290_JPG.rf.3955900bfaee2f3167404789f97c3314.jpg,3120,3120,6,tDE03,茶餅病
3018_JPG.rf.74bb26e1c2447dcb89c30acc80e6dc2a.jpg,3024,4032,8,tDM04,茶髮狀病
33597_JPG.rf.80a828922f14243d4105f620934b4d67.jpg,3024,4032,10,tDP06,輪班病
24412_JPG.rf.5d3087c55be86ea8481b27a3e6bc7406.jpg,3468,4624,5,tDE02,網餅病
24949_JPG.rf.5809f7880cc0659d0df38e6d7c2ae3d6.jpg,3024,4032,7,tDL09,地衣
3194_JPG.rf.7711d194f1ec7cf6424b1361a07b30fe.jpg,3024,4032,8,tDM04,茶髮狀病
1419_JPG.rf.d084ec4b8bedd86bc8d224656b0e9918.jpg,4032,3024,10,tDP06,輪班病
33115_JPG.rf.e1f3a6c5418955a42fc54e7ee0131f43.jpg,3024,4032,4,tDD11,枝枯病
3394_JPG.rf.e18520cc749462625e135730c6127fe6.jpg,3024,4032,11,tDS07,煤煙病
5386_JPG.rf.06e4ce8a456e709f34568f8765a32ec6.jpg,4032,3024,8,tDM04,茶髮狀病
25008_JPG.rf.fb79332bb73b35f87d9b4f297574be2e.jpg,3024,3024,7,tDL09,地衣
2298_JPG.rf.7d2a1b3ed2ed80664aff3521f1560692.jpg,3120,3120,10,tDP06,輪班病
2269_JPG.rf.b9c0513897d978f4ceb8be93df9672c0.jpg,3120,3120,1,tDA12,藻類
7617_JPG.rf.eb5df72ffc364cd8b5908101ba27ce08.jpg,4032,3024,6,tDE03,茶餅病
2327_JPG.rf.63b40d5952d539906e0e07e2d5338cc0.jpg,3120,3120,10,tDP06,輪班病
3625_JPG.rf.ced43235cfb916430dfb619b33e47951.jpg,3024,4032,6,tDE03,茶餅病
7230_JPG.rf.abff56680ca887aff961e2bef243d06e.jpg,3120,3120,6,tDE03,茶餅病
3477_JPG.rf.4167c87a5813f60ba0ce91525d041d39.jpg,4032,3024,6,tDE03,茶餅病
1867_JPG.rf.b9cf037f022cd5921357d8619a568a13.jpg,3024,4032,3,tDC08,藻斑病
2914_JPG.rf.979fbc4f5760cd026842522fbf9e7ca5.jpg,3024,4032,3,tDC08,藻斑病
1823_JPG.rf.938b680b89844b8c03e20c98cbcea7fb.jpg,3024,4032,10,tDP06,輪班病
1860_JPG.rf.5b69e925d14f26f28e9fa479cce945a9.jpg,3024,4032,3,tDC08,藻斑病
24341_JPG.rf.99c1502d170f8c5d6b1b73d52fafc6e5.jpg,3468,4624,5,tDE02,網餅病
2007_JPG.rf.573d75c754b0651cad3db7e2d46dfe96.jpg,3120,3120,7,tDL09,地衣
17_JPG.rf.7ffdba5641bf648339e4fe6c350ad8eb.jpg,2268,4032,4,tDD11,枝枯病
2130_JPG.rf.6baaea7ec8ba6339549c464cef63303d.jpg,3480,4640,4,tDD11,枝枯病
3508_JPG.rf.957b7002c596b96e39dc58a9507adbda.jpg,4032,3024,6,tDE03,茶餅病
1786_JPG.rf.1df779727f9878700b867db80cbfd561.jpg,3024,4032,2,tDC01,赤葉枯病
7825_JPG.rf.72206189370b5ef5e95bef018f73fbbc.jpg,4032,3024,6,tDE03,茶餅病
3641_JPG.rf.c02b64529e9f5cf05da3bfea2a0e2ceb.jpg,3024,4032,6,tDE03,茶餅病
24100_JPG.rf.dfea2a85a2bdf2f50e9a62e73cc37076.jpg,3468,4624,5,tDE02,網餅病
7369_JPG.rf.562c635eb07e8776acd89d355c92da1e.jpg,3120,3120,6,tDE03,茶餅病
1386_JPG.rf.fe2d051e806801c2db678f49a5ba6460.jpg,3024,4032,10,tDP06,輪班病
1903_JPG.rf.b18fa3aedc90212355505fa685119814.jpg,2048,1365,3,tDC08,藻斑病
7574_JPG.rf.132f00d06f69448592d485897c59ae83.jpg,3024,4032,6,tDE03,茶餅病
2651_JPG.rf.220947382e71d6079c5f72c261fce583.jpg,3120,3120,11,tDS07,煤煙病
3545_JPG.rf.2cb4d167dab6717995ef8112a91bcc4e.jpg,3024,4032,6,tDE03,茶餅病
3031_JPG.rf.26019048d96807ab0eb9ba1f06247da5.jpg,3024,4032,8,tDM04,茶髮狀病
1441_JPG.rf.4d22bd95bdfc27d2c6b12f8560786146.jpg,3024,4032,10,tDP06,輪班病
6739_JPG.rf.0bdfac232719565796d10d880c0fb9c7.jpg,4032,3024,6,tDE03,茶餅病
3350_JPG.rf.def4ad91ed1a9ceab4bd7504ad7ce088.jpg,3120,3120,10,tDP06,輪班病
7243_JPG.rf.b2e3afbe05a74ddf92588ddc64454e6c.jpg,3120,3120,6,tDE03,茶餅病
5524_JPG.rf.1975f8d22aaae76557cb495ee2b1fe24.jpg,3024,4032,10,tDP06,輪班病
2541_JPG.rf.486511182ea254bec4ae54c913e52c3e.jpg,4032,3024,11,tDS07,煤煙病
3448_JPG.rf.5ef5bb05c3a11e4ac9bfa8b737a27b44.jpg,3024,4032,6,tDE03,茶餅病
5218_JPG.rf.8d972d87976bd572162730bb05934305.jpg,3120,3120,8,tDM04,茶髮狀病
5427_JPG.rf.66b21166428e9b943049d9eb7989d520.jpg,2268,4032,4,tDD11,枝枯病
5519_JPG.rf.541a084f6c51e4f5a8e04b902832b06b.jpg,3120,3120,10,tDP06,輪班病
5321_JPG.rf.1378a5495d2185825dc46bdeaf2a8dda.jpg,3120,3120,8,tDM04,茶髮狀病
3954_JPG.rf.7005f0d43523885fe74b61aa20637b21.jpg,3480,4640,3,tDC08,藻斑病
5302_JPG.rf.698096a06d34224a3e8d30b876efc8ad.jpg,3120,3120,8,tDM04,茶髮狀病
3967_JPG.rf.0b968c156eefc1ff24dba9277d3cdc7a.jpg,3480,4640,3,tDC08,藻斑病
5284_JPG.rf.84afe12a55ad597358c957438bdf21a7.jpg,3120,3120,8,tDM04,茶髮狀病
22475_JPG.rf.da0b571fe61ab24282c04c0f6e443ca1.jpg,3468,4624,7,tDL09,地衣
5132_JPG.rf.549ac2f6c9be1036f05e7522c4474bb2.jpg,3024,4032,8,tDM04,茶髮狀病
2420_JPG.rf.fe6785ad51451a62076e1fdbe694fd26.jpg,3120,3120,3,tDC08,藻斑病
2950_JPG.rf.3369d58cdbe02b1a147bf04d6f7a5d25.jpg,3024,4032,8,tDM04,茶髮狀病
33710_JPG.rf.b32cc725e5ce027ca0b7693ee71ab71b.jpg,3024,4032,10,tDP06,輪班病
2719_JPG.rf.9d4cdd575d89d03871d9f9c2d97466b1.jpg,3024,4032,10,tDP06,輪班病
24073_JPG.rf.270ae76990ec47f50cf382d0351c871e.jpg,3468,4624,5,tDE02,網餅病
24607_JPG.rf.333cdbb135d5ce2764547dfb666f9412.jpg,3024,4032,7,tDL09,地衣
24356_JPG.rf.94febed9356560f6f24e86ad63218b85.jpg,3468,4624,5,tDE02,網餅病
33654_JPG.rf.e94615acdff695d169c108af9386944f.jpg,3024,4032,10,tDP06,輪班病
3592_JPG.rf.86a32954330a6774bda81a7e6f576b99.jpg,4032,3024,6,tDE03,茶餅病
2853_JPG.rf.c5e2c6e4f2c54c03bd8e0d269bb913fb.jpg,3024,4032,11,tDS07,煤煙病
24466_JPG.rf.628edbeb1543b8c8441babc26a8b35f0.jpg,3468,4624,5,tDE02,網餅病
2393_JPG.rf.6ec4fe7ca0a002765e9b2a17f0c8b661.jpg,3024,4032,3,tDC08,藻斑病
2040_JPG.rf.ebf3d019262e5bd5c90e260c9a093c92.jpg,3480,4640,2,tDC01,赤葉枯病
2924_JPG.rf.1892875a996e458e5e64a90ae12a9451.jpg,3024,4032,8,tDM04,茶髮狀病
33644_JPG.rf.d68d2557dd78f5900a5b2dc22f2e394f.jpg,3024,4032,2,tDC01,赤葉枯病
2249_JPG.rf.c8c69edabe38661a39acc55851cd4fa2.jpg,3024,4032,7,tDL09,地衣
24484_JPG.rf.5408cde5bbafd4be377f5d8cc7e83025.jpg,3468,4624,7,tDL09,地衣
5275_JPG.rf.fc97e09a10ff63896ea16b0158b561e3.jpg,3120,3120,8,tDM04,茶髮狀病
1919_JPG.rf.929e25d3bd76c939221948f8efd9648c.jpg,1365,2048,3,tDC08,藻斑病
33598_JPG.rf.600611d094c1f794bfcf5a81b1f0647a.jpg,3024,4032,10,tDP06,輪班病
2411_JPG.rf.dd6cc23107ad985bcac152310dec84c9.jpg,3120,3120,3,tDC08,藻斑病
5527_JPG.rf.3da8eef444b316b4546e09e1fbdd5862.jpg,3024,4032,10,tDP06,輪班病
1805_JPG.rf.1898fb5be168ffc1c817678ae7f72c50.jpg,1478,1108,2,tDC01,赤葉枯病
2674_JPG.rf.373d2678661d08ebf01c3edac65f89ec.jpg,3120,3120,11,tDS07,煤煙病
1843_JPG.rf.e2f7d10679812976fd5ad208aceafebe.jpg,1478,1108,10,tDP06,輪班病
3045_JPG.rf.4f3007ea22f0a7ecf12db95852bd5600.jpg,3024,4032,8,tDM04,茶髮狀病
2282_JPG.rf.98478d11149a28d69497c9344c6d0adf.jpg,3024,4032,10,tDP06,輪班病
5137_JPG.rf.b79bd61e41b54681a3d83052b8d064ec.jpg,3024,4032,8,tDM04,茶髮狀病
3945_JPG.rf.c132965c0ffb80ffb2e24689c1195043.jpg,3480,4640,3,tDC08,藻斑病
24119_JPG.rf.674d59d9242389b0ba07c5faa917151d.jpg,3468,4624,5,tDE02,網餅病
24092_JPG.rf.6ff0e76303058ec602d11f4da9280b1d.jpg,3468,4624,5,tDE02,網餅病
1979_JPG.rf.fc489b2c7b968af3129b76ac7e9e4039.jpg,3024,4032,7,tDL09,地衣
3970_JPG.rf.e5ed37ebf5286eb0a5bb117306c74a11.jpg,3480,4640,3,tDC08,藻斑病
3983_JPG.rf.2a97edd082b9c3c3ebd3f9c65e112760.jpg,3480,4640,2,tDC01,赤葉枯病
5181_JPG.rf.772c81a20c8aab5a1be1c43b4ce9a44b.jpg,3120,3120,8,tDM04,茶髮狀病
6653_JPG.rf.d66afdbb6a9fadc213bb727ab5b44053.jpg,3468,4624,6,tDE03,茶餅病
3237_JPG.rf.cd1df98342e49e1dc0be035f116b459b.jpg,3024,4032,8,tDM04,茶髮狀病
33127_JPG.rf.383813de2e76c3c4fc326b81fc9921e4.jpg,3024,4032,4,tDD11,枝枯病
11_JPG.rf.ca920330809df8db83d465888ac68a8a.jpg,2268,4032,4,tDD11,枝枯病
33695_JPG.rf.077e8a5bb32bdb4d76747c0beb5feb42.jpg,3024,4032,11,tDS07,煤煙病
33649_JPG.rf.26544884e5689e708827706c4cdc3d5f.jpg,3024,4032,10,tDP06,輪班病
24595_JPG.rf.1d13a7309392b5fccf2c5a096b473640.jpg,3024,4032,7,tDL09,地衣
22492_JPG.rf.7fb9be3f136d59222153f425e67aa3e1.jpg,3468,4624,7,tDL09,地衣
22462_JPG.rf.750bcc90f32b1fd1c6d6f1c4a6a9f411.jpg,3024,3024,10,tDP06,輪班病
7723_JPG.rf.2cf74b925e7d4149a1a2c0da29abdd19.jpg,4032,3024,6,tDE03,茶餅病
1460_JPG.rf.e950c98b04e6e8e855bcc3c3d0a51ad4.jpg,4032,3024,10,tDP06,輪班病
24376_JPG.rf.ecafe14b2c962ec696724ccdcb0e55e3.jpg,3468,4624,5,tDE02,網餅病
3574_JPG.rf.b00465f7826cd2d63597704dba68a55b.jpg,3024,4032,6,tDE03,茶餅病
3418_JPG.rf.533fb78ba01c8f0d8e8b4e1c291c99eb.jpg,2448,3264,10,tDP06,輪班病
6677_JPG.rf.d738ff24ec9230518f4081f7361143e5.jpg,4624,3468,6,tDE03,茶餅病
3598_JPG.rf.0b0a635f6e42c1dd14d555cb10977e88.jpg,4032,3024,6,tDE03,茶餅病
1389_JPG.rf.159127e1c264c9f61ab1d4be4a502666.jpg,3024,4032,11,tDS07,煤煙病
1778_JPG.rf.44639f808a1bb311565c86b3a01f8ce4.jpg,3024,4032,2,tDC01,赤葉枯病
1380_JPG.rf.3b868a8858c33fe180b90b145488ef62.jpg,3024,4032,5,tDE02,網餅病
2272_JPG.rf.f4a2cb7e7c49fc01ad5370b75bcba708.jpg,3120,3120,1,tDA12,藻類
3259_JPG.rf.fbb90572eae4ea89bb5d66de44922461.jpg,3024,4032,8,tDM04,茶髮狀病
6337_JPG.rf.1206420f1d0cfa18deebb0ac37fa286f.jpg,2268,4032,2,tDC01,赤葉枯病
33582_JPG.rf.737c9ee27dfe11ad4eb09019dfb2986d.jpg,3024,4032,10,tDP06,輪班病
33129_JPG.rf.e435bc40b4dae84e622176cb809a476f.jpg,3024,4032,4,tDD11,枝枯病
1740_JPG.rf.76bab3d50ba4980457bd5626da848f48.jpg,3024,4032,7,tDL09,地衣
5293_JPG.rf.482758a0819fb32848490e4e4d331fde.jpg,3120,3120,8,tDM04,茶髮狀病
3503_JPG.rf.5c737ae1255e1ac6e0a876a8b6719873.jpg,4032,3024,6,tDE03,茶餅病
5372_JPG.rf.7d9d021f46b1f88bc7da7baa5bddbfe6.jpg,4032,3024,8,tDM04,茶髮狀病
3491_JPG.rf.38733f6cd56ed7189f1f9bbe5ade3ab1.jpg,3024,4032,6,tDE03,茶餅病
22341_JPG.rf.d65548a78539346117714177d8dd6656.jpg,3468,4624,11,tDS07,煤煙病
3648_JPG.rf.e5e5d16dcb7a9e957f23c436986b8866.jpg,3024,4032,6,tDE03,茶餅病
24345_JPG.rf.6a865c2f9d80718cf5b51c22b94d1983.jpg,3468,4624,5,tDE02,網餅病
1887_JPG.rf.0c4952f2b9e46bcf08f02da48181215d.jpg,3024,4032,3,tDC08,藻斑病
24082_JPG.rf.52a57137d35c30b712d1da7e88e21d53.jpg,3468,4624,5,tDE02,網餅病
24431_JPG.rf.c32c0cb01fa61d77495c8a5ecf1c69eb.jpg,3468,4624,5,tDE02,網餅病
3143_JPG.rf.cc2021ad7855d7396fc091ba773df043.jpg,3024,4032,8,tDM04,茶髮狀病
5540_JPG.rf.f84d23200b7dc603d0b06b1defb87984.jpg,3120,3120,10,tDP06,輪班病
5278_JPG.rf.58d57a6df3e06a388baf2ab3f1415c80.jpg,3120,3120,8,tDM04,茶髮狀病
7728_JPG.rf.c7238b357e972b111506624c49cc76e7.jpg,3024,4032,6,tDE03,茶餅病
2234_JPG.rf.2e36de8b308bfeca5803960c1dcf5b2e.jpg,3120,3120,2,tDC01,赤葉枯病
24624_JPG.rf.8324a757780128d1a0b8f1baf23cb9e8.jpg,3024,4032,7,tDL09,地衣
7295_JPG.rf.b9084bc1173f9286c05f3fdbc86e2687.jpg,3120,3120,6,tDE03,茶餅病
7349_JPG.rf.3d6a92dcc54b390d6d157a9685052274.jpg,3120,3120,6,tDE03,茶餅病
1897_JPG.rf.ae5fa746e12e1d9cebee5fefd795adde.jpg,1365,2048,3,tDC08,藻斑病
7797_JPG.rf.f70c439805b6d3eee7b289cb2dece39c.jpg,4032,3024,6,tDE03,茶餅病
3544_JPG.rf.abca57d4fead761cbfa5cbed908749dc.jpg,3024,4032,6,tDE03,茶餅病
2250_JPG.rf.542a8d07d5545195390b44284b3c5ff2.jpg,3024,4032,3,tDC08,藻斑病
2716_JPG.rf.4ec36a44d2ef2039eaaccd9a7b3adde3.jpg,3024,4032,1,tDA12,藻類
2819_JPG.rf.2b2c33d47b21dae1f1c7e94711a901fd.jpg,4032,3024,11,tDS07,煤煙病
33567_JPG.rf.31fa138f3152543b897cfdf499c0ec79.jpg,3024,4032,10,tDP06,輪班病
3236_JPG.rf.e2987e5eb713483b493572bb2235fc46.jpg,3024,4032,8,tDM04,茶髮狀病
2532_JPG.rf.fee217368d259307dc2d4f6ab75e07db.jpg,3024,4032,11,tDS07,煤煙病
2724_JPG.rf.8cb8ba8577d01ec55a3a7d88812c64d5.jpg,3024,4032,3,tDC08,藻斑病
7268_JPG.rf.b0805649c044132a365c5971724f5d1f.jpg,3120,3120,6,tDE03,茶餅病
3488_JPG.rf.50c71291a977b0736b82f83fee3e7705.jpg,4032,3024,6,tDE03,茶餅病
5332_JPG.rf.ac71c3444cedd4c4074896664e35311e.jpg,3120,3120,8,tDM04,茶髮狀病
3061_JPG.rf.4bbe8040558f2b150fb6994132814379.jpg,3024,4032,8,tDM04,茶髮狀病
2343_JPG.rf.784885232165604eccdd153983fb9485.jpg,3120,3120,10,tDP06,輪班病
2680_JPG.rf.feb5ef80391852d7698f5805f4940502.jpg,3120,3120,11,tDS07,煤煙病
6268_JPG.rf.7e7f66634dcd72b0e36c232a48165cda.jpg,2268,4032,2,tDC01,赤葉枯病
4610_JPG.rf.7f40fb86d833c0693709365fd476888e.jpg,2268,4032,2,tDC01,赤葉枯病
7157_JPG.rf.2e06d07741edae818f4d26c913b44e47.jpg,4032,3024,6,tDE03,茶餅病
22433_JPG.rf.c63cfde21869a42035b8e79908f97ffc.jpg,3024,4032,10,tDP06,輪班病
3064_JPG.rf.8421a75bc2da7288c520abf58c457bad.jpg,3024,4032,8,tDM04,茶髮狀病
5381_JPG.rf.65f21c30e5e8bf1af0e27ec1735c6c2e.jpg,4032,3024,8,tDM04,茶髮狀病
33134_JPG.rf.d200e77c64fb37e1a0c4b080afd35fbf.jpg,3024,4032,4,tDD11,枝枯病
24447_JPG.rf.07794dfe12450dbecc64a7a2b33fe329.jpg,3468,4624,5,tDE02,網餅病
24573_JPG.rf.ee20590b62af578fd65e16be3ba16d6a.jpg,3024,4032,7,tDL09,地衣
7248_JPG.rf.6338afa2868d2eda66f582b5d123538f.jpg,3120,3120,6,tDE03,茶餅病
33164_JPG.rf.762d9c82a539221f481b54e76575f92a.jpg,3024,4032,4,tDD11,枝枯病
33590_JPG.rf.af1ab153774406656c021987542a3944.jpg,3024,4032,10,tDP06,輪班病
3240_JPG.rf.5eaf8daf8125f17979cf27538b76941d.jpg,3024,4032,8,tDM04,茶髮狀病
3935_JPG.rf.e1de4dc9c57a6e596bc12b00a5071b2a.jpg,3480,4640,3,tDC08,藻斑病
5378_JPG.rf.d296ee1ed1fba025b26d3d8970b6f5df.jpg,4032,3024,8,tDM04,茶髮狀病
33116_JPG.rf.dcaa011ac3f2a00d445a81d24f22e0de.jpg,3024,4032,4,tDD11,枝枯病
6668_JPG.rf.a58f1c5e48dc45c8db220e6d6984373b.jpg,4624,3468,6,tDE03,茶餅病
2937_JPG.rf.c7e262bc9f7023b343c88766f0f43157.jpg,3024,4032,3,tDC08,藻斑病
6651_JPG.rf.1a6b22fcb0fe640d25428661d2b8b454.jpg,3468,4624,6,tDE03,茶餅病
2399_JPG.rf.13daeb22ade73da3a9691e0ea4365a33.jpg,3120,3120,3,tDC08,藻斑病
5193_JPG.rf.bdd33399111420c2e6a833b3e09a3f9c.jpg,3120,3120,8,tDM04,茶髮狀病
5201_JPG.rf.b84a22631c36796596555cb9c50f4597.jpg,3120,3120,8,tDM04,茶髮狀病
6347_JPG.rf.8f10f48b0708d6f09dd683074b858bfa.jpg,2268,4032,3,tDC08,藻斑病
5440_JPG.rf.51c2a2ee750ddd375ba35bae410aa978.jpg,2268,4032,2,tDC01,赤葉枯病
24994_JPG.rf.889969ff6c32719e8d87ea0d4b27cfbb.jpg,3024,3024,7,tDL09,地衣
7247_JPG.rf.7bc07dc8f72c0252a39570b7d1474900.jpg,3120,3120,6,tDE03,茶餅病
2908_JPG.rf.03d16e83ceef69cd824c5ac128a52463.jpg,3024,4032,3,tDC08,藻斑病
7817_JPG.rf.9666a24db2d6a5e5242d221980f7006f.jpg,3024,4032,6,tDE03,茶餅病
3246_JPG.rf.ed36c5493a9af89a3e56ade22d17feb3.jpg,3024,4032,8,tDM04,茶髮狀病
6344_JPG.rf.9c753aad2bc7b88ef57fcfcad00ff712.jpg,2268,4032,11,tDS07,煤煙病
3317_JPG.rf.96c453b64da68ea00b76a22d3ff6d675.jpg,3024,4032,8,tDM04,茶髮狀病
5226_JPG.rf.193cb70138b6da509d3fbaaf2bbed647.jpg,3120,3120,8,tDM04,茶髮狀病
22467_JPG.rf.2a1cb97f62ad268c86e21ac766274da1.jpg,3468,4624,7,tDL09,地衣
4659_JPG.rf.1cf7eb72d78cf00f2aa4d9619823caa8.jpg,2268,4032,4,tDD11,枝枯病
2744_JPG.rf.35be0e08c56df7e238cf1902a52005da.jpg,3024,4032,3,tDC08,藻斑病
7729_JPG.rf.d7f813bc07ca5d7622944db2fa1940bc.jpg,3024,4032,6,tDE03,茶餅病
5191_JPG.rf.5e5ff8d95b06cafcf062b6ecd475381f.jpg,3120,3120,8,tDM04,茶髮狀病
7709_JPG.rf.4153a925d703fac153a865336bee8e14.jpg,3024,4032,6,tDE03,茶餅病
24986_JPG.rf.bfc0ed87d2ace75809b6c78c1c6cc80d.jpg,3024,3024,7,tDL09,地衣
1439_JPG.rf.b5a5e2947c4e7806618198ceaa4f5759.jpg,4032,3024,10,tDP06,輪班病
1814_JPG.rf.cc8d2bc56275c66f416deaaa8da99c6c.jpg,3024,4032,10,tDP06,輪班病
33144_JPG.rf.bf418c575239828f36680229faf24c50.jpg,3024,4032,4,tDD11,枝枯病
1807_JPG.rf.105eeef775e61f531fd8cbb8a80bcf21.jpg,3024,4032,10,tDP06,輪班病
33653_JPG.rf.c5e7a64212e86f06e2b0c27e3980ab77.jpg,3024,4032,10,tDP06,輪班病
33676_JPG.rf.52c0922aaca9c728944195729a4d8314.jpg,3024,4032,3,tDC08,藻斑病
24121_JPG.rf.4b644dfc452ff3a471b3a975cd5f76fd.jpg,3468,4624,5,tDE02,網餅病
33163_JPG.rf.b24af89181bcecfa3b2aeb6fc9d95e5d.jpg,3024,4032,4,tDD11,枝枯病
22367_JPG.rf.b827863253734258573ba4ba63323867.jpg,3024,4032,3,tDC08,藻斑病
2283_JPG.rf.ca1436917dff98a759136d9042defd83.jpg,3024,4032,10,tDP06,輪班病
2022_JPG.rf.1d5b3245f86c3d115fcf1e632fa0824c.jpg,3120,3120,7,tDL09,地衣
1396_JPG.rf.10ebd1a83b82ccdee5b627144359d48c.jpg,4032,3024,10,tDP06,輪班病
3974_JPG.rf.6b7af637d6b3380157c828310954073b.jpg,3480,4640,3,tDC08,藻斑病
2133_JPG.rf.71f7d6c58d9d189615d395978a41bd87.jpg,3480,4640,4,tDD11,枝枯病
1800_JPG.rf.81695790251b9a005af230f8ed0d7eb1.jpg,2048,1365,2,tDC01,赤葉枯病
3596_JPG.rf.b733d13bacacee6490fb2751898df2b4.jpg,3024,4032,6,tDE03,茶餅病
24331_JPG.rf.9e33ffe855eb523451fbfa7ec686d4ef.jpg,3468,4624,5,tDE02,網餅病
7550_JPG.rf.559c838c9a0a16af809425505a79333d.jpg,4032,3024,6,tDE03,茶餅病
24129_JPG.rf.2e4d34ee91172f2eac6189118c5a888a.jpg,3468,4624,5,tDE02,網餅病
24115_JPG.rf.e1aa1b415e21218adf9823ad11a0263b.jpg,3468,4624,5,tDE02,網餅病
5530_JPG.rf.eb4832edf44dc6cc6b8bfb91b95b9f66.jpg,3024,4032,10,tDP06,輪班病
3516_JPG.rf.3f0a3598ec44d6439048851773bfb69f.jpg,3024,4032,6,tDE03,茶餅病
2590_JPG.rf.5010c7ef60e95c28c4c75afdb5725c42.jpg,4032,3024,11,tDS07,煤煙病
24330_JPG.rf.51f6e41392b300c695cd8c17e349ec50.jpg,3468,4624,5,tDE02,網餅病
3285_JPG.rf.5617660c0e7635700e5237a706bb5d77.jpg,3024,4032,8,tDM04,茶髮狀病
5197_JPG.rf.d79eb49cc865ad7b7f9748c5e0934673.jpg,3120,3120,8,tDM04,茶髮狀病
5212_JPG.rf.76d58f4faba03d91c301446a53e5abde.jpg,3120,3120,8,tDM04,茶髮狀病
24943_JPG.rf.860a893655449a75cc5a0d8bffcd23c4.jpg,3024,4032,7,tDL09,地衣
3265_JPG.rf.74a3582ef37157f6cc482db48d3cd5de.jpg,3024,4032,8,tDM04,茶髮狀病
6345_JPG.rf.4c634e113f65dffae22182e7ed9d3d8e.jpg,2268,4032,11,tDS07,煤煙病
24069_JPG.rf.03a8db6a88d132ad92180e161ccd5038.jpg,3468,4624,5,tDE02,網餅病
33658_JPG.rf.320c0288ca8685bd1463a4c7f0a3bd60.jpg,3024,4032,11,tDS07,煤煙病
2564_JPG.rf.5bc74859ba0fc9e2e931c1651e324ed2.jpg,4032,3024,11,tDS07,煤煙病
7814_JPG.rf.c7f6e3789491f29e1b6795d71d9e8fe6.jpg,3024,4032,6,tDE03,茶餅病
4632_JPG.rf.e4166aeba3f90ea7fd85e854b4222b59.jpg,2268,4032,2,tDC01,赤葉枯病
3975_JPG.rf.b339b82ab94b446344e08dc906a6af24.jpg,3480,4640,2,tDC01,赤葉枯病
33131_JPG.rf.78000566e04fc6eac93a2cdc08e450be.jpg,3024,4032,4,tDD11,枝枯病
7544_JPG.rf.fe63ee248f9074f94215478f4394bb02.jpg,3024,4032,6,tDE03,茶餅病
3520_JPG.rf.ab6d0d44177545af1893fe9de7964b9a.jpg,4032,3024,6,tDE03,茶餅病
1730_JPG.rf.ed236b6ef87e128a71cc33aa97a5c29d.jpg,3024,4032,7,tDL09,地衣
6288_JPG.rf.e8ae08ec8316393154332b08bbd3c1d8.jpg,2268,4032,2,tDC01,赤葉枯病
3953_JPG.rf.64b67329e347a7ce598a7d7c5d0cd947.jpg,3480,4640,3,tDC08,藻斑病
3420_JPG.rf.d6c89149880fd18471b4594f34b46336.jpg,3024,4032,10,tDP06,輪班病
7183_JPG.rf.5d0de2d5192d5b80f0f6efeef6a1b09d.jpg,4032,3024,6,tDE03,茶餅病
3492_JPG.rf.3338f9dece1df9bd83aec514d26ba3c1.jpg,3024,4032,6,tDE03,茶餅病
7186_JPG.rf.c97366a04011125c8af7fd1835f3403f.jpg,3264,2448,6,tDE03,茶餅病
33139_JPG.rf.73c389fe429c0bf7b24e2948bb74ee12.jpg,3024,4032,4,tDD11,枝枯病
2235_JPG.rf.2b098b0c643d468ce696ae2bde66f18a.jpg,3120,3120,2,tDC01,赤葉枯病
5233_JPG.rf.4d868a7dd4703522ff64438a9f05c97e.jpg,3120,3120,8,tDM04,茶髮狀病
2596_JPG.rf.fc9cd13282112f4a532df8821bbadf9c.jpg,4032,3024,11,tDS07,煤煙病
1772_JPG.rf.51c7b3af80aff8be958f0bb10833b080.jpg,3024,4032,4,tDD11,枝枯病
2441_JPG.rf.c1034051ace624e5a148b2f05a149464.jpg,3024,4032,3,tDC08,藻斑病
2413_JPG.rf.5255c4605104abaf4ede184e18a68b77.jpg,3120,3120,3,tDC08,藻斑病
5305_JPG.rf.386b4ad34c277548ed026e8b7b3c53a4.jpg,3120,3120,8,tDM04,茶髮狀病
3146_JPG.rf.0b1da4efec0402920517ed57a53529e9.jpg,3024,4032,8,tDM04,茶髮狀病
33604_JPG.rf.91a953c1d58e075513b3fc4022d8a23e.jpg,3024,4032,11,tDS07,煤煙病
24452_JPG.rf.51ce01586acfff6fbd77ed82f459c238.jpg,3468,4624,5,tDE02,網餅病
2783_JPG.rf.496dbbcabb7014dbea1a32eeaf1b42dc.jpg,3024,4032,11,tDS07,煤煙病
4637_JPG.rf.5264d090796ca6e9d81e350018fe928f.jpg,2268,4032,2,tDC01,赤葉枯病
33652_JPG.rf.d19010c3249d237a7305d9a4898b53cb.jpg,3024,4032,10,tDP06,輪班病
2785_JPG.rf.95ed1ca57b3fa12eaa21ae7f55490ead.jpg,3024,4032,3,tDC08,藻斑病
33573_JPG.rf.e8c57b024ed97aa9b98f7ad6beddfb27.jpg,3024,4032,10,tDP06,輪班病
4229_JPG.rf.b2901f58423109945f039e7dfe7d826a.jpg,2268,4032,2,tDC01,赤葉枯病
24429_JPG.rf.6334ab3476e5109da04bb08bbd6b7601.jpg,3468,4624,5,tDE02,網餅病
2624_JPG.rf.2ede107a74b79aac68efa7183f33023f.jpg,4032,3024,11,tDS07,煤煙病
2294_JPG.rf.fe0f6fd242821ebd2ecdc3cc514dc957.jpg,3120,3120,10,tDP06,輪班病
24321_JPG.rf.3e615d27b602cc333ecbace70d32cbb8.jpg,3468,4624,5,tDE02,網餅病
7294_JPG.rf.f497d9be857213e04e7881f844abfbf4.jpg,3120,3120,6,tDE03,茶餅病
4605_JPG.rf.47cf3f565e4e490c530f3b99ef24f749.jpg,2268,4032,2,tDC01,赤葉枯病
3523_JPG.rf.08ecc360a1ce7813777b591472cb7783.jpg,4032,3024,6,tDE03,茶餅病
1831_JPG.rf.40e5016a1c8b24504e47e36990d363ce.jpg,3024,4032,10,tDP06,輪班病
24427_JPG.rf.8234529503872b482bee94f5eedbfd98.jpg,3468,4624,5,tDE02,網餅病
2490_JPG.rf.860a18fe9096b7e880f654197c7f62ec.jpg,3024,4032,3,tDC08,藻斑病
2930_JPG.rf.3c3b759e9773a3bda5cf582399e3cf28.jpg,3024,4032,3,tDC08,藻斑病
1409_JPG.rf.8359a01d3c0424f610300b78ed0e0240.jpg,4032,3024,3,tDC08,藻斑病
3796_JPG.rf.ca189b858c7efac7a2d045f6c65e6b6a.jpg,3480,4640,3,tDC08,藻斑病
3799_JPG.rf.d7c8d1ab6747be0e2963eece4d15b365.jpg,3480,4640,3,tDC08,藻斑病
2395_JPG.rf.791b0082fddfbf3401dee87fb2cab957.jpg,3024,4032,3,tDC08,藻斑病
7733_JPG.rf.ae08668b6ec80df4ebdbb8cb334d22b8.jpg,4032,3024,6,tDE03,茶餅病
3950_JPG.rf.8f1d84507fbfb1223306786b09bb511c.jpg,3480,4640,3,tDC08,藻斑病
1951_JPG.rf.1f24c8b92fbf0b8df07ec5701d156ec3.jpg,1478,1108,2,tDC01,赤葉枯病
5219_JPG.rf.48fb391271888f9a1cb3b684f6578a12.jpg,3120,3120,8,tDM04,茶髮狀病
2643_JPG.rf.76b554a0376c023df955511ad3bda4c4.jpg,3024,4032,11,tDS07,煤煙病
1793_JPG.rf.01ca0ebeca2133ed6a7eb25fabf6e224.jpg,1365,2048,2,tDC01,赤葉枯病
5396_JPG.rf.85827e190aee30d3dd6bf032dec3b361.jpg,2268,4032,4,tDD11,枝枯病
5230_JPG.rf.2e7921875abe4bcdf6a731a6b76dfd5c.jpg,3120,3120,8,tDM04,茶髮狀病
7598_JPG.rf.9af70b2b40778612460f37648b682b58.jpg,4032,3024,6,tDE03,茶餅病
5111_JPG.rf.9be8d0134b8f33f84fc683109b407267.jpg,3024,4032,8,tDM04,茶髮狀病
1926_JPG.rf.b0432fe5b260cc281b8c84417304a271.jpg,2048,1365,3,tDC08,藻斑病
33125_JPG.rf.8b69e709ea7bc839fdb0c9d83ef4e462.jpg,3024,4032,4,tDD11,枝枯病
33625_JPG.rf.a7d37d90ec39b1d20f623865c9cd0fac.jpg,3024,4032,11,tDS07,煤煙病
1779_JPG.rf.bc35be734560d8d003976bb00d2e4349.jpg,1478,1108,2,tDC01,赤葉枯病
2313_JPG.rf.e99e93e4b6a6a7c560f83a0490ff4b1f.jpg,3120,3120,10,tDP06,輪班病
5186_JPG.rf.690761bdaa82411e9f0a4b7986ac139e.jpg,3120,3120,8,tDM04,茶髮狀病
33568_JPG.rf.c01974fda706610417f8d227b60db248.jpg,3024,4032,10,tDP06,輪班病
6624_JPG.rf.1735d9f6f6e06c047dfcc24351dcb725.jpg,3468,4624,6,tDE03,茶餅病
3789_JPG.rf.82ca5feafe19b61c1786d340fa20ac6b.jpg,3480,4640,3,tDC08,藻斑病
4672_JPG.rf.3644d9a2f2a48915a93e052a7f3416f6.jpg,2268,4032,2,tDC01,赤葉枯病
3570_JPG.rf.5b80f9984bf5bce019e25d4c09985096.jpg,4032,3024,6,tDE03,茶餅病
1418_JPG.rf.104f487c9b4335745642bbf4f7405ff8.jpg,4032,3024,10,tDP06,輪班病
3496_JPG.rf.e7fcbd828a917b0b28dbe10637d3e13c.jpg,3024,4032,6,tDE03,茶餅病
1452_JPG.rf.6c9eaac059aecf5cc1848efa55c2a308.jpg,3024,4032,10,tDP06,輪班病
1890_JPG.rf.a2659435d599a002ed4fbf5d8ec102c3.jpg,3024,4032,3,tDC08,藻斑病
24953_JPG.rf.d962ba51a53587ed7bb99202c77c5193.jpg,3024,4032,7,tDL09,地衣
22478_JPG.rf.9d7d77d5beb6a5a07f9e6f31fd549c1d.jpg,3468,4624,7,tDL09,地衣
2125_JPG.rf.0f693901e736b9c685152c140f0ab2d6.jpg,3480,4640,4,tDD11,枝枯病
2755_JPG.rf.5f51d33f1abfb414c042b6bfb7b3c7dc.jpg,3024,4032,3,tDC08,藻斑病
7730_JPG.rf.d1ebe7cab1de89bc2944d4a45211f81c.jpg,3024,4032,6,tDE03,茶餅病
24086_JPG.rf.f4fe6749be3dba3bcfd25d0b87410f3a.jpg,3468,4624,5,tDE02,網餅病
5200_JPG.rf.09f6cc01da7474bedd66c8302055e0c7.jpg,3120,3120,8,tDM04,茶髮狀病
3620_JPG.rf.c80b580e69fe46360a396501d5bca238.jpg,4032,3024,6,tDE03,茶餅病
5371_JPG.rf.26254de16de2751e4e78b43a69f580b3.jpg,3024,4032,8,tDM04,茶髮狀病
2976_JPG.rf.0fd9a85dbf2a047d80fbb329f09351fc.jpg,3024,4032,8,tDM04,茶髮狀病
3191_JPG.rf.91fa8422a89172d52c46bc24aba348d5.jpg,3024,4032,8,tDM04,茶髮狀病
3366_JPG.rf.59e25b29f81d65619af8b10681933c37.jpg,3120,3120,10,tDP06,輪班病
33138_JPG.rf.5917962367e671f2f09b6ada0f34e25e.jpg,3024,4032,4,tDD11,枝枯病
7305_JPG.rf.855887d9be301af4bcdd0b1b0a785754.jpg,3120,3120,6,tDE03,茶餅病
24347_JPG.rf.c20ba75f63a925d71fa49ab5ee50ed9a.jpg,3468,4624,5,tDE02,網餅病
22411_JPG.rf.8ebea8d046c0529dd1d7843b8f508aac.jpg,3468,4624,10,tDP06,輪班病
5204_JPG.rf.3718b1bd0ef9f6aa7d3fbdd4107ad554.jpg,3120,3120,8,tDM04,茶髮狀病
2730_JPG.rf.05d3b4cb411a4979dd64b5ca63d0b71a.jpg,3024,4032,3,tDC08,藻斑病
7231_JPG.rf.7fc87f54f41b9c019bdc9241df6c6c1e.jpg,3120,3120,6,tDE03,茶餅病
2247_JPG.rf.b22188bd3737ca4b3a4598c6c7ec322e.jpg,3024,4032,3,tDC08,藻斑病
4656_JPG.rf.01e1d7824915a136982d3c356f426163.jpg,2268,4032,10,tDP06,輪班病
1946_JPG.rf.d3f4208f02b48541c0f6cd93cca4cfd0.jpg,1478,1108,3,tDC08,藻斑病
33632_JPG.rf.18eefe9e1faf680001f2981e6540ca52.jpg,3024,4032,7,tDL09,地衣
3788_JPG.rf.b520dcc00237b53d2790cf1c735b8c3e.jpg,3480,4640,3,tDC08,藻斑病
1822_JPG.rf.5bd6abfcff119ac10705ed7c4ae315aa.jpg,3024,4032,10,tDP06,輪班病
2718_JPG.rf.d8e5869b4f4ee8dc7758695784cc471e.jpg,3024,4032,10,tDP06,輪班病
3483_JPG.rf.05ec77e5842fc66c058aa7d07cfd01d0.jpg,3024,4032,6,tDE03,茶餅病
5340_JPG.rf.65b1b6685c30c5d91e2805b1b83743b3.jpg,3120,3120,8,tDM04,茶髮狀病
24541_JPG.rf.f6cd115853f6193ded14870212c07b6d.jpg,3024,4032,7,tDL09,地衣
5329_JPG.rf.37996e79b4d21519572aba6bb06de19b.jpg,3120,3120,8,tDM04,茶髮狀病
3166_JPG.rf.b67a25a5b2bc6302d9cc64795d998f74.jpg,3024,4032,8,tDM04,茶髮狀病
7826_JPG.rf.011ee808eae3bc5a03e590ba610c7411.jpg,3024,4032,6,tDE03,茶餅病
2251_JPG.rf.ea43026c702f3536abbb087c3be95335.jpg,3024,4032,1,tDA12,藻類
5335_JPG.rf.193a8fdb4fa614825688e336d038a3d6.jpg,3120,3120,8,tDM04,茶髮狀病
5534_JPG.rf.95261febe8cd3e0e80a7191bd377945a.jpg,3024,4032,10,tDP06,輪班病
22446_JPG.rf.2aeab0eef0f2ebcf67f3ea4dc04f21f1.jpg,3024,4032,10,tDP06,輪班病
3336_JPG.rf.9dd51f3110168c047b597b2ee6b7d8b1.jpg,3024,4032,8,tDM04,茶髮狀病
1863_JPG.rf.9bda1383cba34bf1c327ae2d6da80e4a.jpg,3024,4032,3,tDC08,藻斑病
93_JPG.rf.c3f2919e17ab38a677a735f2f2aa0d7d.jpg,2268,4032,2,tDC01,赤葉枯病
5441_JPG.rf.63ef338ee3da02adbfad81c1cd85562d.jpg,2268,4032,2,tDC01,赤葉枯病
5365_JPG.rf.060fdc275a281cf18a4e6653af8af7a8.jpg,4032,3024,8,tDM04,茶髮狀病
5339_JPG.rf.29216b9dfdcdf8b8f5050370a80cd299.jpg,3120,3120,8,tDM04,茶髮狀病
3244_JPG.rf.9b5baaae71554ca96c321d5ac1b85466.jpg,3024,4032,8,tDM04,茶髮狀病
24472_JPG.rf.455f44926ad5eed88c27af6542b11e41.jpg,3468,4624,7,tDL09,地衣
3192_JPG.rf.30af0fe6e6252214e1844b10b586ce4b.jpg,3024,4032,8,tDM04,茶髮狀病
6676_JPG.rf.3405ddf27edb2511f05851fa94c7cd07.jpg,4624,3468,6,tDE03,茶餅病
3972_JPG.rf.0d104010a7e9571b1f17b44a37c52d48.jpg,3480,4640,3,tDC08,藻斑病
24040_JPG.rf.c4d84cecaabb77c6351f7e9c2e49b742.jpg,3468,4624,5,tDE02,網餅病
33749_JPG.rf.1b0a5a5bbbb21a136646be0c70e7103c.jpg,3024,4032,7,tDL09,地衣
24080_JPG.rf.f1280c7e85d3227fe806ef01299fbfff.jpg,3468,4624,5,tDE02,網餅病
1398_JPG.rf.0af83c82a4434fef4d3d6332f0c32330.jpg,4032,3024,3,tDC08,藻斑病
3253_JPG.rf.b8943a2d0452123cdeb5342c7885cb3a.jpg,3024,4032,8,tDM04,茶髮狀病
5555_JPG.rf.ff65fe5d8b2c904f0fcab613bb952002.jpg,3120,3120,10,tDP06,輪班病
3582_JPG.rf.60a7db15e04e5edde3b1987b5e070d3a.jpg,4032,3024,6,tDE03,茶餅病
2256_JPG.rf.cc5e6f853e68981ddbd6b167f999f398.jpg,3120,3120,1,tDA12,藻類
2740_JPG.rf.db0e3f9456b59ff368b5eb8223ead28f.jpg,3024,4032,3,tDC08,藻斑病
2777_JPG.rf.edb643f03b2948c997c0258fc36f2d75.jpg,3024,4032,3,tDC08,藻斑病
3263_JPG.rf.aa9caad0ae719e302d665cf3a1dec0df.jpg,3024,4032,8,tDM04,茶髮狀病
22416_JPG.rf.a97c6f0c621d2310ddc3d38a20566393.jpg,3024,4032,10,tDP06,輪班病
3522_JPG.rf.c58889793b4663eee92dbce381b902b9.jpg,3024,4032,6,tDE03,茶餅病
6682_JPG.rf.46f485df5ee25e7f2a4b7c4ee0c311ef.jpg,4624,3468,6,tDE03,茶餅病
24358_JPG.rf.ba4b5a4e5640c816940835dde7f38050.jpg,3468,4624,5,tDE02,網餅病
3969_JPG.rf.7230b4e9ff96a24740552df85798ce70.jpg,3480,4640,3,tDC08,藻斑病
33636_JPG.rf.cd8cde801a2c72d93b204a784fd614cc.jpg,3024,4032,7,tDL09,地衣
1976_JPG.rf.b6af3230b760ceaa83b6859970ada9c8.jpg,3480,4640,2,tDC01,赤葉枯病
2734_JPG.rf.e5c97cc318373d7ddc43f50626683803.jpg,3024,4032,3,tDC08,藻斑病
24634_JPG.rf.1516a7f7254aec3c364802b8f59c7cce.jpg,3024,4032,7,tDL09,地衣
1982_JPG.rf.7fd93b0e2e5c1c2e93049bdf57d74b57.jpg,3024,4032,7,tDL09,地衣
1401_JPG.rf.e653c29c95269dd33b3e393fc5b097d9.jpg,4032,3024,3,tDC08,藻斑病
2323_JPG.rf.965c71d16d601132fca374c987a47635.jpg,3120,3120,10,tDP06,輪班病
5288_JPG.rf.623b804c5da35c4adc424a0e14fc83a4.jpg,3120,3120,8,tDM04,茶髮狀病
7264_JPG.rf.f5e92e41e5d322b861b0600e4ea4e56b.jpg,3120,3120,6,tDE03,茶餅病
22425_JPG.rf.7b2d3a6be9743b56e03c87156cf75eab.jpg,3024,4032,10,tDP06,輪班病
24461_JPG.rf.34b6cfab63881d2c84e8118ee7a24328.jpg,3468,4624,5,tDE02,網餅病
3605_JPG.rf.0fad0f0d99d7c8c87cf69ef02213605c.jpg,3024,4032,6,tDE03,茶餅病
5523_JPG.rf.44a4651f574dfb082c3fc3bc597c3848.jpg,3024,4032,10,tDP06,輪班病
1794_JPG.rf.2c1a3f1fa13ef474156d84a6bfe6a1fd.jpg,1365,2048,2,tDC01,赤葉枯病
1377_JPG.rf.ef0bb81c39a8ca0e8add67f5e7ba7d8c.jpg,3024,4032,10,tDP06,輪班病
33576_JPG.rf.26618bca1f7c841e3250086a1bfa4cb7.jpg,3024,4032,11,tDS07,煤煙病
3438_JPG.rf.40f54ebb195e4313ac76daeb4217e92c.jpg,3024,4032,7,tDL09,地衣
40_JPG.rf.b57c54a1fee4ca6c35b01dae29067e83.jpg,2268,4032,2,tDC01,赤葉枯病
2721_JPG.rf.b728680929c2cd34e0051a7e3b29d3fa.jpg,3024,4032,3,tDC08,藻斑病
3182_JPG.rf.1dee23990cac400ae83dd61076f1d1ac.jpg,3024,4032,8,tDM04,茶髮狀病
3323_JPG.rf.4e2d18366fd175bd8e6423b990577f14.jpg,3024,4032,8,tDM04,茶髮狀病
7315_JPG.rf.de948a19d52f3e2a8e0af113116fc133.jpg,3120,3120,6,tDE03,茶餅病
3589_JPG.rf.7227cd98183142bcb536db75b69847b7.jpg,3024,4032,6,tDE03,茶餅病
5313_JPG.rf.61db3b64e14d0c715f53061bc6ba0a0d.jpg,3120,3120,8,tDM04,茶髮狀病
7841_JPG.rf.3d68af8d5724c32dedfe9ac66b934eec.jpg,4032,3024,6,tDE03,茶餅病
33126_JPG.rf.f2cd0603fea72df5dabdd7dda59b8997.jpg,3024,4032,4,tDD11,枝枯病
5538_JPG.rf.f5c5ef6671f37876cb508b65a692470a.jpg,3120,3120,2,tDC01,赤葉枯病
24328_JPG.rf.a0cbe94960607c5c5460d486eec85c67.jpg,3468,4624,5,tDE02,網餅病
5143_JPG.rf.26ebead8454db0ef8498d53ccc4f35c2.jpg,3024,4032,8,tDM04,茶髮狀病
24485_JPG.rf.a9bfd2ab83bc970f59cc6fe3d39b67ca.jpg,3468,4624,7,tDL09,地衣
24044_JPG.rf.7fd8361ee04bc5142f5e4079afdac8a9.jpg,3468,4624,5,tDE02,網餅病
24616_JPG.rf.3ee7c5903757b21715ae8a3b7e0fd821.jpg,3024,4032,7,tDL09,地衣
7737_JPG.rf.8898aa6179aa89f31ac9f7167148ffa2.jpg,3024,4032,6,tDE03,茶餅病
5173_JPG.rf.75a6646cb0863735664b5d972fc96ec0.jpg,3120,3120,8,tDM04,茶髮狀病
3600_JPG.rf.6814b2a8180f82a1d8fc7ac8ecdbe994.jpg,3024,4032,6,tDE03,茶餅病
7834_JPG.rf.0c3dc549c1537596ac1b44128c33a4da.jpg,4032,3024,6,tDE03,茶餅病
2529_JPG.rf.833a10bd62992a8806fa401fc854ba77.jpg,4032,3024,11,tDS07,煤煙病
24940_JPG.rf.1751b1e88c18156760c08da4daa8e20d.jpg,3024,4032,7,tDL09,地衣
5398_JPG.rf.19420235f1fa740d3c048b0550d9d2b8.jpg,2268,4032,4,tDD11,枝枯病
5412_JPG.rf.de2294e61667f45c3d735dda3bf79548.jpg,2268,4032,2,tDC01,赤葉枯病
5325_JPG.rf.b986d911cc52690ff753cf774fd11af8.jpg,3120,3120,8,tDM04,茶髮狀病
7265_JPG.rf.ed68bd838dba4b555cf9b4030b014fd2.jpg,3120,3120,6,tDE03,茶餅病
5141_JPG.rf.795f3d33b6343cee7a7a650cc60c0d9b.jpg,3024,4032,8,tDM04,茶髮狀病
47_JPG.rf.91c96f130e207cbe1d22f503599d3921.jpg,2268,4032,3,tDC08,藻斑病
3588_JPG.rf.4ce068f6b4f102a55db9d8a3c57d46c6.jpg,4032,3024,6,tDE03,茶餅病
3515_JPG.rf.6df2597b094a24f375095d24133096d8.jpg,4032,3024,6,tDE03,茶餅病
70_JPG.rf.1b76a801351fd59cd1bc6bdaa253bdc7.jpg,2268,4032,2,tDC01,赤葉枯病
4647_JPG.rf.6959306b0765effa5fe703a3cd0f8c6a.jpg,2268,4032,4,tDD11,枝枯病
24348_JPG.rf.efd92a20fb8bf143953882deb06887a6.jpg,3468,4624,5,tDE02,網餅病
6715_JPG.rf.8cb64c9d230952f7b7c3c944d53bdc30.jpg,3468,4624,6,tDE03,茶餅病
165_JPG.rf.366946cf7937616475551b29a0fce7d9.jpg,3480,4640,2,tDC01,赤葉枯病
2015_JPG.rf.8b5777b9bf0475e3233e48be22efd543.jpg,3120,3120,7,tDL09,地衣
22493_JPG.rf.99d9c158b2373090bb81d76150aad44c.jpg,3468,4624,7,tDL09,地衣
2525_JPG.rf.342970b55844d724628677348845cc0e.jpg,4032,3024,11,tDS07,煤煙病
4584_JPG.rf.fb4d27a14f508c1dafd97e359af338c9.jpg,2268,4032,2,tDC01,赤葉枯病
5351_JPG.rf.7a7b333d1bcc04386f2bfd2d05dcc35d.jpg,4032,3024,8,tDM04,茶髮狀病
5283_JPG.rf.d939bcb6ab8a2df12c6ae29b4a920f08.jpg,3120,3120,8,tDM04,茶髮狀病
2727_JPG.rf.54ebb67033e6a699935c79da94b60f25.jpg,3024,4032,3,tDC08,藻斑病
24560_JPG.rf.aee1b6a32b78cf72cd6111cc784ca4b9.jpg,3024,4032,7,tDL09,地衣
2308_JPG.rf.839262266d31ca6fc4caba5b5f2a0593.jpg,3120,3120,10,tDP06,輪班病
7342_JPG.rf.aabd7d805c04599ccf2009e0029d3db6.jpg,3120,3120,6,tDE03,茶餅病
169_JPG.rf.b308f116629516ecbcd921107de57951.jpg,3480,4640,2,tDC01,赤葉枯病
22410_JPG.rf.839058d5dd4bd9ed1067fa2b8aa9b1fa.jpg,3468,4624,10,tDP06,輪班病
3581_JPG.rf.17c16262425a3173231c827b66ada8d7.jpg,3024,4032,6,tDE03,茶餅病
24444_JPG.rf.512e46a1e5d3691a72a91b643e4b1930.jpg,3468,4624,5,tDE02,網餅病
3794_JPG.rf.50f678142fc0388f308ec0423a9d0681.jpg,3480,4640,3,tDC08,藻斑病
24960_JPG.rf.01d2d7024dad69b49aed6c826d7db5a7.jpg,3024,4032,7,tDL09,地衣
1932_JPG.rf.10b566f98c5b68254ee33617c32cc126.jpg,1365,2048,3,tDC08,藻斑病
1371_JPG.rf.51fa53b16a91e204278430a9775cfa5f.jpg,3024,4032,3,tDC08,藻斑病
2915_JPG.rf.44e07f93c168c48b0a711f43d5ed7c37.jpg,3024,4032,3,tDC08,藻斑病
3425_JPG.rf.bb01c455622476b89b1d5b525a45c37f.jpg,3024,4032,10,tDP06,輪班病
24473_JPG.rf.3a556f9e4bcd353548b07b4e1c211d79.jpg,3468,4624,7,tDL09,地衣
22384_JPG.rf.9dbd08ce676365645dbca274cb6fbad5.jpg,3468,4624,11,tDS07,煤煙病
5377_JPG.rf.10ac9ceeb694102c113015a666532a0e.jpg,3024,4032,8,tDM04,茶髮狀病
2297_JPG.rf.5517faab274a304a07df83908d1d2198.jpg,3120,3120,10,tDP06,輪班病
3519_JPG.rf.c230ac97f11d1cb85c3ee2a90f513dbd.jpg,4032,3024,6,tDE03,茶餅病
5518_JPG.rf.2c02aac9e18cd88046a961e60dca6846.jpg,3024,4032,2,tDC01,赤葉枯病
2582_JPG.rf.9357385b944de63d137fcb54dbfa9c36.jpg,3024,4032,11,tDS07,煤煙病
2813_JPG.rf.b2c0fc455f123c995629ded9282e078c.jpg,3024,4032,3,tDC08,藻斑病
1899_JPG.rf.d9fafb3a031b9d83b13d550667416bd9.jpg,1365,2048,3,tDC08,藻斑病
7576_JPG.rf.fa8ad5661d1aa1f8952d91ab3d21391d.jpg,4032,3024,6,tDE03,茶餅病
7375_JPG.rf.adbb54d22088a6f8e910f5eefa72da30.jpg,3120,3120,6,tDE03,茶餅病
1410_JPG.rf.ab487ca0aebaea56ff4a68c4bc8155bd.jpg,4032,3024,3,tDC08,藻斑病
75_JPG.rf.ec77e4c6b8ffbe7c65d3918245f76537.jpg,2268,4032,2,tDC01,赤葉枯病
2498_JPG.rf.35a6c083afe470aaf0c803848a13a5af.jpg,3024,4032,11,tDS07,煤煙病
5286_JPG.rf.e19af5cd1aa049299ecdb0aa78e930e1.jpg,3120,3120,8,tDM04,茶髮狀病
4622_JPG.rf.93f6e1577bd627076193e84f21e377d3.jpg,2268,4032,3,tDC08,藻斑病
24963_JPG.rf.fa43be5e27137ab17f08c98dc52e0d06.jpg,3024,4032,7,tDL09,地衣
3933_JPG.rf.831a807bf237e725d9ddcfafe6607fdf.jpg,3480,4640,3,tDC08,藻斑病
26763_JPG.rf.782fd7378e6a19e752cac01dbd051aaa.jpg,3468,4624,10,tDP06,輪班病
5272_JPG.rf.bea05486f55784912db38e73347600fb.jpg,3120,3120,8,tDM04,茶髮狀病
1901_JPG.rf.d13fbe686d2c5334059e24c1ff268094.jpg,1365,2048,3,tDC08,藻斑病
5207_JPG.rf.f4acc06590b69630c446e08304e9bf47.jpg,3120,3120,8,tDM04,茶髮狀病
6339_JPG.rf.2e192ff9cf1b92adc1b06d395d0b1e1b.jpg,2268,4032,2,tDC01,赤葉枯病
7548_JPG.rf.aa15d628f4a9086628121c86b5edfb43.jpg,4032,3024,6,tDE03,茶餅病
3140_JPG.rf.8254d50dcd56ffc5d7c33a07777f3e14.jpg,3024,4032,8,tDM04,茶髮狀病
5209_JPG.rf.359c2470f820949566f2c7ebf72f42e3.jpg,3120,3120,8,tDM04,茶髮狀病
6703_JPG.rf.952dd1707547dde954e323f5ad1f7c40.jpg,3468,4624,6,tDE03,茶餅病
2875_JPG.rf.e9d1c0fbb824d3146494fa616d383919.jpg,3024,4032,11,tDS07,煤煙病
61_JPG.rf.800b9695bafc7d64166a8b8e126e5b53.jpg,2268,4032,2,tDC01,赤葉枯病
24942_JPG.rf.e5c2047a4f7421f5c609e5063eda2ef5.jpg,3024,4032,7,tDL09,地衣
7144_JPG.rf.944ec77a405890b36faf701dae246faf.jpg,3024,4032,6,tDE03,茶餅病
33137_JPG.rf.e4c4fb0a67924ce9d790ade76d6349d2.jpg,3024,4032,4,tDD11,枝枯病
22491_JPG.rf.207beebd8b58a02e0bffd9807326d8da.jpg,3468,4624,7,tDL09,地衣
3436_JPG.rf.dcea57c0be9ab756b975ccd5d8c67ce3.jpg,3024,4032,6,tDE03,茶餅病
1991_JPG.rf.c1a19e2a410fd7a1d29af85abcc85112.jpg,3024,4032,7,tDL09,地衣
7246_JPG.rf.23cc4c1e1b46a67ff8231cd808648712.jpg,3120,3120,6,tDE03,茶餅病
3528_JPG.rf.758ae07fe69e405ea9502b6bf7ff278f.jpg,3024,4032,6,tDE03,茶餅病
1923_JPG.rf.245739a72cfb02e84490ca339084c1c7.jpg,1365,2048,3,tDC08,藻斑病
1758_JPG.rf.1db0b3e6ce3fb3f6314f7644ca5768cd.jpg,3024,4032,9,tDM10,苔癬
3205_JPG.rf.7c0eeb0949338b15640bab1d9f450e58.jpg,3024,4032,8,tDM04,茶髮狀病
2928_JPG.rf.68e1885fe4d2b9c0ad1e24040780bbac.jpg,4032,3024,3,tDC08,藻斑病
22431_JPG.rf.1a38393d56e4d4b1e3c22dbb0655a744.jpg,3024,4032,10,tDP06,輪班病
3558_JPG.rf.5bc0308ff7d268abd2899310953cd06b.jpg,3024,4032,6,tDE03,茶餅病
6692_JPG.rf.4e1f1d233b723944db3b7ccffe8be396.jpg,4624,3468,6,tDE03,茶餅病
5359_JPG.rf.aef794934d122119f3f82d175e0a3aae.jpg,4032,3024,8,tDM04,茶髮狀病
22476_JPG.rf.23a7c3bb5deece61ae56265560b26c41.jpg,3468,4624,7,tDL09,地衣
1949_JPG.rf.dade7db547c2b31ca33876920a78f4f0.jpg,1478,1108,3,tDC08,藻斑病
2351_JPG.rf.304997dd804749531fb7f4993708e20f.jpg,3024,4032,3,tDC08,藻斑病
24486_JPG.rf.40e02c31355d91bbf19d2b9df71c0a32.jpg,3468,4624,7,tDL09,地衣
6343_JPG.rf.b907665f55d687f6b438066867985f7b.jpg,2268,4032,11,tDS07,煤煙病
3494_JPG.rf.c1370e231498a9eba92e3ded06c14013.jpg,4032,3024,6,tDE03,茶餅病
33608_JPG.rf.c3983fdaec7d3206662a99a206d02ead.jpg,3024,4032,10,tDP06,輪班病
33150_JPG.rf.78c31a16c11e841177a372630b49255a.jpg,3024,4032,4,tDD11,枝枯病
33639_JPG.rf.c2a337c73430fc82aef8ff47e783e070.jpg,3024,4032,11,tDS07,煤煙病
7161_JPG.rf.45b7b2c68d402db60efac5e5a35a4438.jpg,3024,4032,6,tDE03,茶餅病
1811_JPG.rf.346c9c67f642c2379e76ce3a5aeb8f67.jpg,3024,4032,10,tDP06,輪班病
3533_JPG.rf.ecb2b995e201b305ad8eaa47c5a947ac.jpg,3024,4032,6,tDE03,茶餅病
2780_JPG.rf.2f30d4fdd112c231e22f0fac068822c3.jpg,3024,4032,3,tDC08,藻斑病
5301_JPG.rf.ed54cb5b2d3ef507fe23bc70795ed0ee.jpg,3120,3120,8,tDM04,茶髮狀病
1433_JPG.rf.0dbf2a58dcdc29f0ee995529191f186f.jpg,4032,3024,10,tDP06,輪班病
3631_JPG.rf.ed78b3bd229c6164fc6de1b33866f5dd.jpg,4032,3024,6,tDE03,茶餅病
24351_JPG.rf.38bc4fd46d05bfe40dbd6c5e81a30670.jpg,3468,4624,5,tDE02,網餅病
33609_JPG.rf.3aad426b31f82a713daee63a8de77012.jpg,3024,4032,10,tDP06,輪班病
5542_JPG.rf.2185cf3c461beced7d413f409e26d1b5.jpg,3120,3120,10,tDP06,輪班病
2878_JPG.rf.8c1f08f9eb531cfd235c570f76a10349.jpg,3024,4032,11,tDS07,煤煙病
1846_JPG.rf.574e7c5fc4652052fea66ec287c03ca2.jpg,1478,1108,10,tDP06,輪班病
7179_JPG.rf.7877de3edcae8bfe6f69b192d5e0d3fb.jpg,3024,4032,6,tDE03,茶餅病
24458_JPG.rf.e34b9ce0156d27020f6805d5dab9d59f.jpg,3468,4624,5,tDE02,網餅病
3580_JPG.rf.b785ac63627ea1333e0a3fb0e57e52da.jpg,3024,4032,6,tDE03,茶餅病
2905_JPG.rf.71b98ee8542d9ea4406b46ee574ad7ac.jpg,3024,4032,3,tDC08,藻斑病
3396_JPG.rf.f0e2a2df8b41d772ed8f131273adef54.jpg,3024,4032,11,tDS07,煤煙病
3635_JPG.rf.a10824dc0bcd9f088c217c0764e25c3a.jpg,3024,4032,6,tDE03,茶餅病
3632_JPG.rf.c2e0e917cb93f8ad4a9e9448f20e8037.jpg,3024,4032,6,tDE03,茶餅病
3803_JPG.rf.e9e3fcc14a12130c3f95578d25d74ed9.jpg,3480,4640,3,tDC08,藻斑病
2507_JPG.rf.1891650ed5bee00563ffdba84795da02.jpg,4032,3024,11,tDS07,煤煙病
2572_JPG.rf.745853924ee022a07ef1d8c7173a6896.jpg,4032,3024,11,tDS07,煤煙病
1454_JPG.rf.5cdffa976febe998a5db974a5a827275.jpg,4032,3024,3,tDC08,藻斑病
7233_JPG.rf.4cabaf06273083bb87f53c4366953688.jpg,3120,3120,6,tDE03,茶餅病
2365_JPG.rf.4df1af38e5642aa786e333082737e593.jpg,3024,4032,3,tDC08,藻斑病
33135_JPG.rf.d75acec91ee3d0fc71f26335c4fce61b.jpg,3024,4032,4,tDD11,枝枯病
3510_JPG.rf.b7ac922eeb0cf0203c86021df1007aa5.jpg,3024,4032,6,tDE03,茶餅病
7613_JPG.rf.57140b6038e381560c63b03d9505e74e.jpg,4032,3024,6,tDE03,茶餅病
1735_JPG.rf.ed3f2cf5ce915f364f8fb28871c25a75.jpg,3024,4032,7,tDL09,地衣
2868_JPG.rf.40f4c45a2c127b36ea4e5ffff88fb736.jpg,3024,4032,3,tDC08,藻斑病
6690_JPG.rf.4e076b991dce82726c6a222c52de3f0f.jpg,4624,3468,6,tDE03,茶餅病
4671_JPG.rf.e1b2c353a27cc388029981cd30c928c9.jpg,2268,4032,2,tDC01,赤葉枯病
1905_JPG.rf.ca748fa05cdf497e2c41854e4e78b0f0.jpg,1365,2048,3,tDC08,藻斑病
7150_JPG.rf.4fa7e941c1749edc4dfc5ff669a53b7f.jpg,3024,4032,6,tDE03,茶餅病
4645_JPG.rf.36043a788aeaa665e0b5639bc4f4d05b.jpg,2268,4032,2,tDC01,赤葉枯病
3957_JPG.rf.53d6ee8e6f867e7d7d1e3bfcf35ff6a8.jpg,3480,4640,3,tDC08,藻斑病
5352_JPG.rf.8a0b021346a6ae9651efe63dda3b3c0f.jpg,4032,3024,8,tDM04,茶髮狀病
2349_JPG.rf.9f9e85c5bf8ff374d7c694aa7cc061b9.jpg,3024,4032,3,tDC08,藻斑病
3363_JPG.rf.395c398ad8e5a7c790817a40f8979a43.jpg,3120,3120,10,tDP06,輪班病
7169_JPG.rf.b025316c3d7d8c60089af93f6a8fdae7.jpg,3024,4032,6,tDE03,茶餅病
24515_JPG.rf.93fa204f5fd0d06c88f5f67be4466715.jpg,3024,4032,7,tDL09,地衣
2706_JPG.rf.34934bdf6406a9b258ad3634c41cbe00.jpg,3120,3120,11,tDS07,煤煙病
24124_JPG.rf.1fdfaed179cc0a539c8b07419564378f.jpg,3468,4624,5,tDE02,網餅病
33160_JPG.rf.8f99b590ace6fb1d376f3e5c76affff6.jpg,3024,4032,4,tDD11,枝枯病
2748_JPG.rf.273010d0ea109fd2c3cb313f7ffe2d34.jpg,3024,4032,3,tDC08,藻斑病
22350_JPG.rf.282e54099759a129640f567d8548ffd8.jpg,3468,4624,10,tDP06,輪班病
7322_JPG.rf.a6b66d5ed264c3132febef932621e507.jpg,3120,3120,6,tDE03,茶餅病
3931_JPG.rf.f0b74c677f0accfdf14671eff686f021.jpg,3480,4640,3,tDC08,藻斑病
24491_JPG.rf.af783ed9bb70a7a4240cf324703c6a4c.jpg,3468,4624,7,tDL09,地衣
3560_JPG.rf.4b56704be5dd07fa8cf2b776e4ef513a.jpg,4032,3024,6,tDE03,茶餅病
6780_JPG.rf.45ee151a7b9a1455a1840e6b0fe533aa.jpg,4032,3024,6,tDE03,茶餅病
7706_JPG.rf.a5682e916591ff1cac0987814b37de93.jpg,3024,4032,6,tDE03,茶餅病
1810_JPG.rf.456df314ebff6262240e3a5455bc5735.jpg,3024,4032,10,tDP06,輪班病
5295_JPG.rf.d8c91dbe8d1750cfdf6fc9a28503fd52.jpg,3120,3120,8,tDM04,茶髮狀病
24089_JPG.rf.4720b1f76deed37220a8c66ab0705490.jpg,3468,4624,5,tDE02,網餅病
7238_JPG.rf.0356334adb93fc43745423dcffaa5071.jpg,3120,3120,6,tDE03,茶餅病
7143_JPG.rf.d9a0f7f88bc961efcf7e35d14edde995.jpg,3024,4032,6,tDE03,茶餅病
3619_JPG.rf.93b2bc3e9bff1ea637a808204d222ddf.jpg,4032,3024,6,tDE03,茶餅病
2798_JPG.rf.61f4aa1e82e7c547ccfd794a3600d7e4.jpg,3024,4032,3,tDC08,藻斑病
33178_JPG.rf.91a91cdd3cdc8b2aa0a5a6733b1a8db5.jpg,3024,4032,4,tDD11,枝枯病
6275_JPG.rf.62f16554710e87e402b90f5050434a8b.jpg,2268,4032,3,tDC08,藻斑病
7338_JPG.rf.41f824020b35da5a384a6ec30f99ed45.jpg,3120,3120,6,tDE03,茶餅病
6614_JPG.rf.e95b931c6b8c01a7c0cce6b2ccde0efe.jpg,3468,4624,6,tDE03,茶餅病
6712_JPG.rf.bb86a2e0a1d0cbddd66019dde3dd5aad.jpg,3468,4624,6,tDE03,茶餅病
2546_JPG.rf.a883f750d66ab447a554cf0e7866dd1a.jpg,4032,3024,11,tDS07,煤煙病
5322_JPG.rf.abe6d7d014342610e0c8f1f065d81d96.jpg,3120,3120,8,tDM04,茶髮狀病
2314_JPG.rf.dbe3f1738fdd483853bb4e26954ac1dc.jpg,3120,3120,10,tDP06,輪班病
7303_JPG.rf.ee42b58faeb5d5578c5155fb2b659637.jpg,3120,3120,6,tDE03,茶餅病
6348_JPG.rf.ca55c7e84cbb5216d2764ed0268d7ac4.jpg,2268,4032,11,tDS07,煤煙病
24938_JPG.rf.294b19c04624ecfe35d4841876c913cc.jpg,3024,4032,7,tDL09,地衣
3514_JPG.rf.db6a99d4d570d3f6ff2591ca605eb2aa.jpg,3024,4032,6,tDE03,茶餅病
1388_JPG.rf.ad3057c20b462f9a125c1307085c5a19.jpg,4032,3024,3,tDC08,藻斑病
5539_JPG.rf.67a5bd08d39deff100dcac93c6737da9.jpg,3120,3120,10,tDP06,輪班病
3022_JPG.rf.6e847a15ea3373b453cfe14e9155e60a.jpg,3024,4032,8,tDM04,茶髮狀病
24108_JPG.rf.56687ba2d2664b898dcf27cd4c992a70.jpg,3468,4624,5,tDE02,網餅病
1835_JPG.rf.d0784acd19899fa7b4e4a9af3315b894.jpg,2048,1365,10,tDP06,輪班病
4642_JPG.rf.48304c31c87d8fcbad16a9599f2bc555.jpg,2268,4032,2,tDC01,赤葉枯病
5160_JPG.rf.f834a73a19013eba3e23ac0fd69b38d9.jpg,3120,3120,8,tDM04,茶髮狀病
24495_JPG.rf.4cd017e39e03cb9c17e3e6c52fbce348.jpg,3024,4032,7,tDL09,地衣
1384_JPG.rf.634007bc2aee735ee2b1988b9c663f87.jpg,3024,4032,7,tDL09,地衣
7587_JPG.rf.c17203cab579c07a2470e05bff0afcf0.jpg,4032,3024,6,tDE03,茶餅病
3208_JPG.rf.5425fadee8cee62357491c55be48e041.jpg,3024,4032,8,tDM04,茶髮狀病
24467_JPG.rf.26b3061489a49dc958e9934c96b55d5f.jpg,3468,4624,5,tDE02,網餅病
6298_JPG.rf.dcc6bf7f6c4d7a0f8e8b1dfba0a663db.jpg,1705,960,4,tDD11,枝枯病
7735_JPG.rf.5e63327e72a1761b35917dc8c3c87d39.jpg,4032,3024,6,tDE03,茶餅病
24422_JPG.rf.78cbda50a6204fade460ed0f9e5d0d6f.jpg,3468,4624,5,tDE02,網餅病
33744_JPG.rf.10c1c4184ce40946317e7e2dc8910526.jpg,3024,4032,7,tDL09,地衣
24373_JPG.rf.2463bc9ab7299fb5a80377d346be1f10.jpg,3468,4624,5,tDE02,網餅病
22474_JPG.rf.54847e24e7a7b3ad0e962d9876156ea2.jpg,3468,4624,7,tDL09,地衣
5556_JPG.rf.10e6f9c3b624a0c2ceb8ed1943b21b2f.jpg,3120,3120,10,tDP06,輪班病
5387_JPG.rf.1b9c4df4031f414dc45e0f8e9abf0148.jpg,3024,4032,8,tDM04,茶髮狀病
24355_JPG.rf.9be21e26bb999203a255028d7a9db17f.jpg,3468,4624,5,tDE02,網餅病
1464_JPG.rf.4d66574522c0772fbb0459d6dc168443.jpg,3024,4032,10,tDP06,輪班病
1952_JPG.rf.6118e8a75df7e89b3cb58a4b9cb7ccf6.jpg,1478,1108,3,tDC08,藻斑病
5183_JPG.rf.2e150a61f1aa4e87da0e5b6390dcd502.jpg,3120,3120,8,tDM04,茶髮狀病
90_JPG.rf.dff78eada17de74c8a079f5195401ba4.jpg,2268,4032,2,tDC01,赤葉枯病
7273_JPG.rf.9c470f306602242f0c2221ccbdd1f373.jpg,3120,3120,6,tDE03,茶餅病
5376_JPG.rf.43cd30b603d3adaf1afa8d0e32c17a3a.jpg,4032,3024,8,tDM04,茶髮狀病
7301_JPG.rf.faf98ab3284d42ecfba24b5545f68bba.jpg,3120,3120,6,tDE03,茶餅病
24464_JPG.rf.75d258350047ba92b06d39c1d0eedffb.jpg,3468,4624,5,tDE02,網餅病
24445_JPG.rf.8551a7c344bac7181992163f04844ff8.jpg,3468,4624,5,tDE02,網餅病
1768_JPG.rf.82c2ede4a6bd79b1394f73c081779efc.jpg,3024,4032,4,tDD11,枝枯病
3290_JPG.rf.e984cfdced551453026c29781f2bdbd0.jpg,3024,4032,8,tDM04,茶髮狀病
2634_JPG.rf.1aeddc992b9bd0e09b45f1915bcdb1d5.jpg,3024,4032,11,tDS07,煤煙病
3481_JPG.rf.cb1d4c9c28efabd92fe2b3babe18bc65.jpg,3024,4032,6,tDE03,茶餅病
5285_JPG.rf.03ac995745abe383b8d94d29d3e6da4f.jpg,3120,3120,8,tDM04,茶髮狀病
1391_JPG.rf.a082352cd08e834ad2af2e7eb2a038c4.jpg,3024,4032,10,tDP06,輪班病
33108_JPG.rf.b48f0ddc4388fa6d9c4e2e916f36c0dc.jpg,3024,4032,4,tDD11,枝枯病
3304_JPG.rf.c26863abf45299749d65a141db335c62.jpg,3024,4032,8,tDM04,茶髮狀病
7275_JPG.rf.6f7720174431a707d2ca264f46385fe7.jpg,3120,3120,6,tDE03,茶餅病
99_JPG.rf.1501b1f4f539718c032c22cefe8a3d81.jpg,2268,4032,2,tDC01,赤葉枯病
3284_JPG.rf.8fbf6033e1aacc6d11d47af8bc1505db.jpg,3024,4032,8,tDM04,茶髮狀病
3023_JPG.rf.b495e535035be1cf623d6aff553d7257.jpg,3024,4032,8,tDM04,茶髮狀病
33701_JPG.rf.947f2b72f20ae1433831e9bb43fdee6b.jpg,3024,4032,10,tDP06,輪班病
2442_JPG.rf.41006977c873f4eca1c00e7a0038cac4.jpg,3024,4032,11,tDS07,煤煙病
1984_JPG.rf.0c200d9eba4d2d9565cfe66ac32a210f.jpg,3480,4640,2,tDC01,赤葉枯病
6856_JPG.rf.69c664de492e02ab26a1fb041d01cc5d.jpg,2268,4032,8,tDM04,茶髮狀病
6622_JPG.rf.9a20fb6bcb9c378116024a45f0514983.jpg,3468,4624,6,tDE03,茶餅病
3512_JPG.rf.667f39bfc27e65e0e065d48686dc4e97.jpg,3024,4032,6,tDE03,茶餅病
24557_JPG.rf.6902b0f2ed3e38c72a575cb9e24aff84.jpg,3024,4032,7,tDL09,地衣
6767_JPG.rf.f9dc09929c84fdded6815a11b9689420.jpg,3024,4032,6,tDE03,茶餅病
5526_JPG.rf.d64acb1354b2ec7449004522f2d6dc2c.jpg,3024,4032,10,tDP06,輪班病
3025_JPG.rf.8d5427eabb3b0843e46668ff811c3b01.jpg,3024,4032,8,tDM04,茶髮狀病
6332_JPG.rf.3bdb3e7d5fedf8a7da50ea8fe62c1352.jpg,2268,4032,2,tDC01,赤葉枯病
25013_JPG.rf.ec15a71502346edc307eaead4d40624a.jpg,3024,3024,7,tDL09,地衣
7374_JPG.rf.b6b92d9282d3fae1f9f6d7ab234ba720.jpg,3120,3120,6,tDE03,茶餅病
7356_JPG.rf.9bcad50b1b55453794a9708dc6e00cb6.jpg,3120,3120,6,tDE03,茶餅病
6736_JPG.rf.5f0be759f074ad2e726e2aac42801e10.jpg,3024,4032,6,tDE03,茶餅病
1375_JPG.rf.0d928482bf8ea56ce66b8c3ef1586969.jpg,3024,4032,5,tDE02,網餅病
24966_JPG.rf.4709110e50b46c49e113d042264f59be.jpg,3024,4032,7,tDL09,地衣
1872_JPG.rf.7f294f7fb14ea1a19f61bc82f0112f11.jpg,3024,4032,3,tDC08,藻斑病
3647_JPG.rf.20e353688945d3457a206e7a635681a1.jpg,4032,3024,6,tDE03,茶餅病
2338_JPG.rf.faf2d0f617ddcf2246c92177489d3fb4.jpg,3120,3120,10,tDP06,輪班病
6726_JPG.rf.d7c01f3522948d165f9ea258f2abcc40.jpg,4032,3024,6,tDE03,茶餅病
33591_JPG.rf.0e03414df067bbcd909b806d189af4a7.jpg,3024,4032,10,tDP06,輪班病
1775_JPG.rf.74828a90e5962b3af5be84f3d93b8942.jpg,3024,4032,2,tDC01,赤葉枯病
2778_JPG.rf.5e3f644783c4a4344d9274c836ab7103.jpg,3024,4032,3,tDC08,藻斑病
33772_JPG.rf.27402bedc80a76600ad279a786503c6a.jpg,3024,4032,7,tDL09,地衣
5277_JPG.rf.163d1b556fdbbd925561ea3042ffc19e.jpg,3120,3120,8,tDM04,茶髮狀病
2649_JPG.rf.2b86dd0db302bf94e0c32cc645ebd36c.jpg,3120,3120,11,tDS07,煤煙病
24311_JPG.rf.606b71f793f050c78682c1ec0af238f6.jpg,3468,4624,5,tDE02,網餅病
3949_JPG.rf.d69bcfb68b1996b8fc3f28046be92fef.jpg,3480,4640,3,tDC08,藻斑病
22484_JPG.rf.88f4475eddbbaac5d14a2dac7e66804a.jpg,3468,4624,7,tDL09,地衣
7815_JPG.rf.e6f04f6f5724b1a174b06d011de28d8e.jpg,3024,4032,6,tDE03,茶餅病
2526_JPG.rf.7599a7d31f232f4ebc051fc82f506497.jpg,3024,4032,11,tDS07,煤煙病
1382_JPG.rf.efdd8c3944e11ca3ed95fb17222ec51b.jpg,3024,4032,3,tDC08,藻斑病
24512_JPG.rf.ccb276f5fc02f7c0c32c7189a98ee41b.jpg,3024,4032,7,tDL09,地衣
33711_JPG.rf.dd9bd56faa6048bed4b06504a4fcc995.jpg,3024,4032,10,tDP06,輪班病
1855_JPG.rf.f6fda45e5e3a4e1d11a21719c34bec8f.jpg,4032,3024,3,tDC08,藻斑病
2750_JPG.rf.c9d11cb7622a2f042353a748462959e7.jpg,4032,3024,3,tDC08,藻斑病
24487_JPG.rf.93cb802f5e69adc8a80e814fc309197f.jpg,3468,4624,7,tDL09,地衣
2660_JPG.rf.60853a7fcc0559f8aa3a2dcd02092af9.jpg,3120,3120,11,tDS07,煤煙病
5140_JPG.rf.12205560c9f62392f22921526061edf6.jpg,3024,4032,8,tDM04,茶髮狀病
3289_JPG.rf.9737f098c59ae8050c24ec8db3d8cd06.jpg,3024,4032,8,tDM04,茶髮狀病
5142_JPG.rf.4c0d2341681743e06e33fc1b15703604.jpg,3024,4032,8,tDM04,茶髮狀病
24965_JPG.rf.23d45ce8860bfa7f1bf02b255d7069c0.jpg,3024,4032,7,tDL09,地衣
1436_JPG.rf.b7e19252e348c9d4ca761241350d09c1.jpg,4032,3024,10,tDP06,輪班病
24468_JPG.rf.72883a854f1eb5cb707a4a159c1420c6.jpg,3468,4624,5,tDE02,網餅病
3554_JPG.rf.10c407813dd05942ec9528411451fe59.jpg,3024,4032,6,tDE03,茶餅病
5134_JPG.rf.87f20d2d716faece0abb8c34c0b4cf65.jpg,3024,4032,8,tDM04,茶髮狀病
25011_JPG.rf.e49d447b3abbe08e693daaca9e5dee72.jpg,3024,3024,7,tDL09,地衣
24959_JPG.rf.9ea84d925b64d5de7fc0b698782171c0.jpg,3024,4032,7,tDL09,地衣
3624_JPG.rf.ff550eef9dc2d07a58fea6a44641f47e.jpg,3024,4032,6,tDE03,茶餅病
33746_JPG.rf.4eb933ef21f9e1ece9c75de953883523.jpg,3024,4032,7,tDL09,地衣
6720_JPG.rf.3b41459fa205b5fe8eb8882c3a7fc700.jpg,4624,3468,6,tDE03,茶餅病
152_JPG.rf.ca902a7d19075216e622e1dc122b9011.jpg,2268,4032,2,tDC01,赤葉枯病
22359_JPG.rf.06e787dec14c714cebdc94f65327ac6a.jpg,3024,4032,10,tDP06,輪班病
3152_JPG.rf.1911992552d0bf02279738460a76e64e.jpg,3024,4032,8,tDM04,茶髮狀病
2971_JPG.rf.8f1c4927ea47d879e5ac6f710b5d2a61.jpg,3024,4032,8,tDM04,茶髮狀病
24936_JPG.rf.bcfca927df949a14345dcdb1930f7f7b.jpg,3024,4032,7,tDL09,地衣
22420_JPG.rf.e4c9fda459aa77f66e29a79b2656532f.jpg,3024,4032,10,tDP06,輪班病
2959_JPG.rf.ca70c25e694f4b26fe4983eebc4696e5.jpg,3024,4032,8,tDM04,茶髮狀病
73_JPG.rf.f7b69c029b5ba3c6d6f1fd8611bc9f42.jpg,2268,4032,2,tDC01,赤葉枯病
2938_JPG.rf.84127d712cc10eddac535ee3f3ace16d.jpg,3024,4032,3,tDC08,藻斑病
3351_JPG.rf.477fc51a92c12dbb6900ad9295efaf4d.jpg,3120,3120,2,tDC01,赤葉枯病
7697_JPG.rf.655ed6db3c2e217a45df26e473f74b4c.jpg,4032,3024,6,tDE03,茶餅病
5438_JPG.rf.9ca2755716cf6efe4be62a93ef315d13.jpg,2268,4032,3,tDC08,藻斑病
2519_JPG.rf.afb9f68dc9ee07102622c4c348fa4b92.jpg,4032,3024,11,tDS07,煤煙病
3546_JPG.rf.f9ce492edb132d79ca6591a4a9da6e13.jpg,3024,4032,6,tDE03,茶餅病
2548_JPG.rf.a0116fca99d0f0c01fb1cad9ea0e7634.jpg,4032,3024,11,tDS07,煤煙病
4636_JPG.rf.12aa1eefdbb5ee0070465448226e15de.jpg,2268,4032,10,tDP06,輪班病
1884_JPG.rf.fe49a3b0d6891353a37c66c4852bccad.jpg,3024,4032,3,tDC08,藻斑病
7835_JPG.rf.075e406c3de0a8e25104d2f2d0a0f2ae.jpg,4032,3024,6,tDE03,茶餅病
3495_JPG.rf.a3a65a973bc7cf4f05c8e387b3e24e66.jpg,4032,3024,6,tDE03,茶餅病
3224_JPG.rf.babc741b301f2358c2ed453cefc0287f.jpg,3024,4032,8,tDM04,茶髮狀病
2136_JPG.rf.21305482eb76fb1d0ea4efc9d6ad3193.jpg,3480,4640,4,tDD11,枝枯病
3793_JPG.rf.b464372199a577717f7685324b462045.jpg,3480,4640,3,tDC08,藻斑病
7719_JPG.rf.4e662e8c2a826cd45218d37d4b56b2a6.jpg,4032,3024,6,tDE03,茶餅病
3775_JPG.rf.381bc40934a176bdcf8ea360f2c0be37.jpg,3480,4640,10,tDP06,輪班病
22339_JPG.rf.7ae0141d4b481bb39a5ef6470b12de18.jpg,3468,4624,7,tDL09,地衣
24048_JPG.rf.3546d3ba0bacea8a26ef44241cdf188e.jpg,3468,4624,5,tDE02,網餅病
24433_JPG.rf.db40d8dab110a10258721ae92d867672.jpg,3468,4624,5,tDE02,網餅病
5357_JPG.rf.250969e18b272d345107a5c9f1bd18ab.jpg,4032,3024,8,tDM04,茶髮狀病
1975_JPG.rf.71e21cbf37a74e47b1ee125b25849e44.jpg,3480,4640,2,tDC01,赤葉枯病
1996_JPG.rf.d5a48879b9cb2c5a804a59e38b4b32c8.jpg,3480,4640,2,tDC01,赤葉枯病
3934_JPG.rf.241276ed94d97d71d28f0104000cfc22.jpg,3480,4640,3,tDC08,藻斑病
